id,sexo,edad,ciudad,colegio,financiamiento,int1,int2,int3,int4,int5,int6,int7,int8,int9,int10,int11,int12,int13,int14,int15,int16,int17,int18,int19,int20,int21,int22,int23,int24,int25,int26,int27,int28,int29
1,hombre,14,lima,colegio1,privado,4,5,4,4,4,4,4,4,4,5,5,5,5,5,5,5,5,5,5,5,5,5,5,5,5,3,3,3,5
2,hombre,14,lima,colegio1,privado,4,5,4,4,4,4,5,4,3,4,2,2,4,2,3,4,3,3,3,2,4,4,5,4,3,4,4,3,4
3,hombre,15,lima,colegio1,privado,1,3,2,3,1,3,3,2,2,3,1,1,2,4,1,4,3,1,1,2,4,1,1,1,1,1,1,1,1
4,hombre,15,lima,colegio1,privado,1,3,3,3,1,2,3,4,4,3,2,4,4,4,2,3,3,2,2,3,3,2,5,4,4,1,2,1,2
5,hombre,15,lima,colegio1,privado,2,3,3,4,4,3,4,2,4,3,3,2,2,3,3,4,2,2,5,4,3,2,4,2,1,2,3,2,2
6,hombre,15,lima,colegio1,privado,2,1,1,3,2,4,3,3,1,1,2,1,2,2,3,4,2,4,2,2,1,1,2,1,1,2,3,1,1
7,hombre,15,lima,colegio1,privado,3,4,3,3,2,2,2,2,2,1,1,1,1,3,1,2,4,2,1,1,3,3,2,4,5,5,5,5,4
8,hombre,15,lima,colegio1,privado,3,4,3,4,2,4,4,3,3,3,2,2,4,3,3,3,2,3,4,2,1,1,4,2,1,2,2,2,1
9,hombre,15,lima,colegio1,privado,3,4,5,5,4,4,3,4,3,5,3,2,4,4,5,3,4,4,5,4,2,2,5,2,3,1,1,4,1
10,hombre,15,lima,colegio1,privado,3,3,3,4,4,4,2,2,1,2,2,3,3,3,2,4,2,3,4,3,4,3,5,4,4,4,4,2,3
11,hombre,15,lima,colegio1,privado,3,4,4,2,3,4,2,3,3,3,4,4,3,3,3,4,2,3,3,3,4,4,3,3,2,3,3,4,3
12,hombre,15,lima,colegio1,privado,3,3,3,3,4,4,3,4,3,4,3,3,5,5,4,4,3,3,4,3,3,2,5,1,3,3,3,4,2
13,hombre,15,lima,colegio1,privado,3,4,2,3,3,5,3,4,3,3,3,4,5,5,5,5,5,5,5,3,5,5,5,3,2,3,5,4,5
14,hombre,15,lima,colegio1,privado,3,4,2,5,4,4,1,3,1,1,4,3,4,4,4,4,3,3,4,3,5,3,5,3,3,3,3,2,2
15,hombre,15,lima,colegio1,privado,3,3,3,4,3,4,4,4,3,3,3,4,3,4,4,4,4,4,4,4,4,3,5,4,4,4,4,4,4
16,hombre,15,lima,colegio1,privado,3,2,3,4,4,4,3,4,4,4,3,2,4,5,3,4,5,3,5,4,1,2,4,1,4,4,1,4,2
17,hombre,15,lima,colegio1,privado,4,4,2,4,4,4,2,2,3,2,2,3,3,3,3,4,2,3,3,3,3,4,5,1,5,4,4,3,4
18,hombre,15,lima,colegio1,privado,4,4,4,4,4,5,4,5,4,4,4,4,5,4,5,3,4,4,4,4,3,4,3,4,5,4,4,4,4
19,hombre,15,lima,colegio1,privado,4,2,1,2,5,4,2,3,4,4,4,4,5,5,2,4,3,2,4,3,4,4,4,2,4,4,2,4,4
20,hombre,15,lima,colegio1,privado,4,5,4,4,4,4,3,2,4,3,5,5,5,5,5,5,4,4,4,5,5,4,5,4,4,5,5,5,5
21,hombre,15,lima,colegio1,privado,4,4,4,4,4,4,4,3,4,4,4,4,4,3,4,4,4,4,4,4,4,3,4,4,4,4,4,4,4
22,hombre,15,lima,colegio1,privado,4,3,5,4,5,5,5,4,3,5,4,4,4,3,5,4,4,5,5,4,2,1,3,1,1,4,2,3,3
23,hombre,15,lima,colegio1,privado,4,4,4,4,4,4,4,4,4,3,4,4,4,4,5,4,4,5,5,4,4,4,4,4,4,4,4,4,4
24,hombre,15,lima,colegio1,privado,4,4,4,4,5,5,5,5,4,4,4,5,4,4,5,5,4,4,5,4,2,3,4,2,2,3,5,4,1
25,hombre,15,lima,colegio1,privado,4,4,4,4,5,5,5,5,4,5,4,4,5,5,4,4,4,4,5,4,5,5,5,4,3,4,4,4,5
26,hombre,15,lima,colegio1,privado,4,4,4,4,4,4,2,3,2,2,4,5,4,4,4,4,4,4,4,4,1,3,5,1,3,3,2,3,1
27,hombre,15,lima,colegio1,privado,4,4,4,3,4,5,3,4,4,4,5,4,5,4,4,4,4,4,4,4,2,3,5,1,4,3,2,4,1
28,hombre,15,lima,colegio1,privado,4,4,4,4,4,3,5,3,3,3,2,3,4,4,3,4,3,4,3,4,5,5,5,4,3,4,3,4,5
29,hombre,15,lima,colegio1,privado,4,4,3,4,3,5,5,4,3,2,3,4,4,4,5,4,5,5,5,4,2,5,5,4,5,3,4,3,4
30,hombre,15,lima,colegio1,privado,4,4,4,4,4,4,4,4,4,4,4,4,4,4,4,4,4,4,4,4,4,5,5,5,3,4,4,3,4
31,hombre,15,lima,colegio1,privado,4,3,2,2,4,4,2,2,4,4,5,5,5,5,3,4,5,3,5,2,4,5,2,3,2,4,1,2,5
32,hombre,15,lima,colegio1,privado,4,4,4,4,4,4,4,4,5,4,4,4,4,4,5,4,4,4,4,4,4,4,4,4,3,4,4,4,4
33,hombre,15,lima,colegio1,privado,4,4,4,3,4,4,4,4,4,4,4,3,4,4,4,4,4,4,3,4,4,4,4,1,3,4,5,2,5
34,hombre,15,lima,colegio1,privado,4,4,4,5,4,5,2,3,5,4,4,3,4,4,4,5,3,4,4,4,3,5,5,3,4,4,4,4,3
35,hombre,15,lima,colegio1,privado,4,4,2,3,3,4,3,3,3,3,3,3,4,4,3,4,4,4,5,4,3,3,5,3,4,3,3,3,4
36,hombre,15,lima,colegio1,privado,4,5,4,3,5,4,4,2,1,1,3,3,3,4,3,4,4,4,4,4,2,3,4,1,1,3,3,3,1
37,hombre,15,lima,colegio1,privado,4,5,4,3,4,4,4,5,3,3,3,4,5,5,4,4,4,5,5,5,4,1,5,3,3,3,4,4,2
38,hombre,15,lima,colegio1,privado,4,4,4,5,5,4,4,4,4,4,2,4,5,4,4,4,4,5,5,5,5,5,5,5,4,4,3,5,4
39,hombre,15,lima,colegio1,privado,4,4,4,3,4,3,3,5,4,4,4,4,4,5,4,4,4,3,4,3,3,3,4,4,3,4,4,4,4
40,hombre,15,lima,colegio1,privado,4,5,4,5,3,5,5,5,4,5,5,3,5,5,5,4,4,4,5,4,3,5,3,4,4,5,4,4,5
41,hombre,15,lima,colegio1,privado,4,4,4,4,4,5,4,4,4,4,4,3,4,4,4,3,4,3,3,5,2,4,4,4,3,4,4,4,3
42,hombre,15,lima,colegio1,privado,4,3,4,4,3,4,4,3,2,4,3,4,4,5,4,4,4,5,5,4,4,5,5,3,2,4,4,4,4
43,hombre,15,lima,colegio1,privado,4,3,4,5,5,4,3,4,5,3,4,3,3,4,3,4,5,4,4,4,5,3,5,5,4,5,5,4,4
44,hombre,15,lima,colegio1,privado,5,4,4,5,5,5,4,4,3,4,5,5,4,4,5,4,5,4,4,5,4,5,5,4,5,4,5,4,5
45,hombre,16,lima,colegio1,privado,1,2,5,3,2,2,3,3,3,1,2,2,2,2,4,5,2,3,5,1,4,4,5,3,5,2,1,4,2
46,hombre,16,lima,colegio1,privado,1,2,1,2,4,2,1,3,1,4,1,3,1,3,2,1,1,2,5,2,1,1,1,2,1,2,1,2,1
47,hombre,16,lima,colegio1,privado,2,4,2,3,2,4,4,3,3,4,3,4,4,4,4,4,4,4,5,4,5,4,5,5,4,3,2,4,3
48,hombre,16,lima,colegio1,privado,2,3,3,3,4,4,2,3,3,4,3,3,3,3,2,3,4,4,1,5,2,1,2,3,2,2,3,2,3
49,hombre,16,lima,colegio1,privado,2,3,2,3,3,4,5,2,2,3,3,3,3,3,4,3,3,3,5,3,3,4,4,3,3,2,3,3,4
50,hombre,16,lima,colegio1,privado,2,2,5,5,4,4,4,4,4,5,2,2,2,3,4,5,3,4,5,4,5,2,5,5,5,3,5,3,4
51,hombre,16,lima,colegio1,privado,2,4,1,4,1,5,5,5,2,1,2,3,3,1,5,5,5,4,5,4,1,4,5,2,3,4,4,1,4
52,hombre,16,lima,colegio1,privado,2,3,2,2,3,2,4,3,2,3,2,4,4,4,2,3,4,3,4,2,4,3,3,3,2,3,4,4,3
53,hombre,16,lima,colegio1,privado,2,3,2,4,2,4,1,3,2,2,2,2,4,4,4,3,2,2,4,2,1,1,5,1,1,1,1,2,1
54,hombre,16,lima,colegio1,privado,3,4,4,4,3,5,3,4,5,5,4,5,4,5,5,4,5,5,5,5,5,5,5,5,5,5,5,5,5
55,hombre,16,lima,colegio1,privado,3,2,2,2,3,4,2,3,3,4,4,3,4,3,3,3,4,3,4,3,3,4,4,3,3,2,2,4,3
56,hombre,16,lima,colegio1,privado,3,3,3,4,4,5,3,3,3,3,5,5,5,5,5,4,4,4,4,4,4,5,4,2,3,3,2,3,3
57,hombre,16,lima,colegio1,privado,3,4,2,4,4,4,4,4,3,4,4,3,5,5,4,4,4,3,3,4,4,4,5,4,3,3,4,4,4
58,hombre,16,lima,colegio1,privado,3,3,3,4,2,4,4,4,2,3,4,5,4,5,4,3,3,4,5,3,4,4,5,3,3,3,3,3,4
59,hombre,16,lima,colegio1,privado,3,3,3,2,2,3,3,2,2,2,3,1,4,5,2,3,1,1,3,1,4,4,4,4,4,4,4,3,4
60,hombre,16,lima,colegio1,privado,3,3,2,3,3,4,2,4,2,2,3,3,3,5,3,4,3,2,4,3,2,1,4,1,2,2,1,3,2
61,hombre,16,lima,colegio1,privado,3,3,2,1,1,4,3,4,4,4,4,2,3,5,2,4,4,3,5,4,2,5,2,3,1,3,5,4,3
62,hombre,16,lima,colegio1,privado,3,4,4,5,3,4,3,4,3,4,4,3,4,3,3,3,3,2,4,4,2,3,4,1,1,3,4,4,1
63,hombre,16,lima,colegio1,privado,3,3,2,2,3,2,1,2,1,1,1,1,2,2,2,3,3,3,4,2,4,1,4,4,5,3,2,3,3
64,hombre,16,lima,colegio1,privado,3,2,2,3,1,2,1,1,2,2,2,1,3,4,4,3,2,2,2,1,1,1,1,1,1,2,2,4,2
65,hombre,16,lima,colegio1,privado,3,3,4,2,3,5,1,3,4,3,5,2,3,2,3,3,3,3,3,4,3,3,5,3,5,4,3,3,3
66,hombre,16,lima,colegio1,privado,3,4,3,3,3,2,1,3,3,3,3,3,3,3,3,3,3,2,3,3,4,2,4,5,3,4,3,3,4
67,hombre,16,lima,colegio1,privado,3,3,3,4,4,4,4,4,2,4,4,4,4,4,4,4,3,4,4,4,4,4,1,2,4,2,4,3,4
68,hombre,16,lima,colegio1,privado,3,3,3,3,3,3,3,4,2,3,4,3,3,3,3,3,3,3,3,3,4,3,2,2,3,3,3,4,4
69,hombre,16,lima,colegio1,privado,3,2,2,3,3,3,2,3,4,3,3,3,3,3,3,2,3,3,2,3,3,2,3,3,3,3,3,2,2
70,hombre,16,lima,colegio1,privado,3,3,4,4,4,4,4,4,4,3,4,3,5,3,3,4,3,3,4,4,5,3,5,5,5,4,4,3,4
71,hombre,16,lima,colegio1,privado,3,5,4,4,5,4,5,4,3,5,2,4,3,4,4,4,3,2,4,2,5,4,5,4,3,4,5,2,5
72,hombre,16,lima,colegio1,privado,3,4,5,4,5,3,3,4,4,4,4,2,4,4,4,4,4,3,5,1,4,2,4,1,3,4,4,4,4
73,hombre,16,lima,colegio1,privado,3,2,2,2,1,5,1,2,1,3,4,4,4,3,3,4,3,2,2,3,4,2,5,3,3,3,3,1,5
74,hombre,16,lima,colegio1,privado,3,3,3,3,2,3,3,3,3,3,2,3,2,3,2,3,2,3,3,3,2,3,3,2,2,3,3,3,3
75,hombre,16,lima,colegio1,privado,4,4,5,3,4,4,4,4,4,4,4,4,4,4,4,4,4,4,4,4,4,4,4,4,4,4,4,4,4
76,hombre,16,lima,colegio1,privado,4,5,5,5,5,5,5,4,5,5,5,5,5,5,5,5,5,5,5,5,5,5,5,3,4,4,5,5,3
77,hombre,16,lima,colegio1,privado,4,4,4,4,4,4,3,4,4,3,3,4,3,3,4,3,4,4,4,4,5,4,4,4,4,4,4,4,4
78,hombre,16,lima,colegio1,privado,4,4,3,3,3,3,2,2,4,5,4,4,4,3,4,5,4,3,3,3,4,3,5,4,2,3,4,3,4
79,hombre,16,lima,colegio1,privado,4,2,2,3,5,4,4,3,2,1,1,2,3,3,4,4,3,1,1,4,5,4,3,2,5,4,2,4,1
80,hombre,16,lima,colegio1,privado,4,5,5,5,4,4,5,4,5,5,3,3,3,4,4,4,4,3,5,4,2,1,2,4,4,2,2,3,1
81,hombre,16,lima,colegio1,privado,4,4,2,5,4,3,3,4,2,4,3,3,5,4,4,5,4,4,4,4,5,3,5,5,3,4,4,5,4
82,hombre,16,lima,colegio1,privado,4,5,4,5,4,5,5,5,5,5,5,3,5,5,5,4,4,5,5,5,2,4,4,4,3,4,4,4,5
83,hombre,16,lima,colegio1,privado,4,4,4,1,4,4,2,4,4,4,3,4,5,5,5,4,4,4,5,4,4,5,3,4,5,2,5,4,3
84,hombre,16,lima,colegio1,privado,4,3,4,4,3,4,4,4,3,4,3,4,4,5,4,3,4,4,4,2,3,2,4,3,2,3,3,3,4
85,hombre,16,lima,colegio1,privado,4,4,4,3,2,4,3,4,5,4,3,4,4,3,4,4,4,4,3,4,5,4,4,4,2,4,3,5,4
86,hombre,16,lima,colegio1,privado,4,4,4,4,4,5,2,4,4,4,4,5,3,4,4,4,4,3,5,4,4,4,5,3,3,4,4,3,4
87,hombre,16,lima,colegio1,privado,4,4,4,5,5,4,5,4,3,4,5,3,4,5,5,4,4,4,4,4,4,4,5,4,3,4,4,3,5
88,hombre,16,lima,colegio1,privado,4,4,3,4,3,4,4,3,3,4,3,4,3,4,4,4,3,3,3,4,4,4,4,4,3,3,3,5,4
89,hombre,16,lima,colegio1,privado,4,4,3,4,4,4,5,4,3,3,4,4,4,4,4,4,3,3,4,4,5,5,4,3,3,4,3,3,3
90,hombre,16,lima,colegio1,privado,4,3,3,4,4,5,4,4,3,4,4,4,4,4,4,4,3,4,5,4,3,3,5,4,3,4,4,4,5
91,hombre,16,lima,colegio1,privado,4,3,3,5,2,4,3,2,3,4,4,5,4,2,4,3,3,5,5,3,4,1,4,2,2,3,1,1,3
92,hombre,16,lima,colegio1,privado,4,5,4,4,4,5,2,5,3,4,5,5,5,5,5,3,3,5,5,5,5,3,5,3,3,5,5,5,5
93,hombre,16,lima,colegio1,privado,4,4,3,4,4,4,2,4,3,3,2,3,4,5,4,2,2,2,5,3,2,1,3,2,2,4,2,3,2
94,hombre,16,lima,colegio1,privado,5,2,3,5,1,5,5,5,5,4,2,3,3,5,5,3,3,5,5,4,4,3,5,1,3,3,3,2,4
95,hombre,16,lima,colegio1,privado,5,4,5,5,5,5,4,5,4,5,5,5,5,5,5,5,5,5,4,5,5,1,5,5,3,2,2,1,4
96,hombre,17,lima,colegio1,privado,3,4,2,3,4,4,3,4,3,4,4,4,4,4,4,4,4,3,4,4,1,2,5,2,5,5,5,5,1
97,mujer,14,lima,colegio1,privado,2,2,2,2,2,2,4,2,1,2,1,5,1,3,2,1,2,2,4,2,3,3,1,5,3,1,2,1,4
98,mujer,14,lima,colegio1,privado,3,3,3,3,4,4,4,4,3,3,4,4,4,4,4,4,4,3,3,4,4,4,4,4,3,4,4,3,3
99,mujer,15,lima,colegio1,privado,2,3,2,4,2,3,4,4,4,3,3,5,3,3,4,4,3,4,4,3,5,2,3,3,3,2,1,2,3
100,mujer,15,lima,colegio1,privado,2,3,3,2,1,2,2,2,2,2,2,2,2,2,2,2,2,2,2,2,4,2,2,3,2,3,2,5,1
101,mujer,15,lima,colegio1,privado,2,3,2,3,4,5,4,3,1,2,2,3,4,4,4,3,4,2,3,3,4,4,3,4,4,3,3,2,3
102,mujer,15,lima,colegio1,privado,2,3,3,3,4,4,4,3,4,4,4,3,3,3,3,4,3,4,4,4,5,4,5,3,2,3,4,4,5
103,mujer,15,lima,colegio1,privado,2,4,2,3,4,3,2,2,2,2,3,4,3,4,4,3,3,3,4,4,5,2,2,3,3,3,4,2,4
104,mujer,15,lima,colegio1,privado,2,2,2,2,5,4,4,4,4,4,3,3,3,3,3,4,3,3,3,3,4,1,4,2,3,2,2,1,2
105,mujer,15,lima,colegio1,privado,3,3,4,2,2,3,2,4,2,3,3,3,5,4,3,4,3,3,4,2,2,2,3,3,3,4,3,3,2
106,mujer,15,lima,colegio1,privado,3,4,3,2,2,5,3,3,3,3,3,3,3,3,3,4,3,3,3,3,3,2,1,1,2,1,1,3,1
107,mujer,15,lima,colegio1,privado,3,3,3,4,4,5,5,4,2,3,3,4,4,5,4,4,3,1,5,4,5,5,5,5,3,3,5,2,2
108,mujer,15,lima,colegio1,privado,3,2,3,3,4,5,3,4,4,5,4,4,4,5,4,4,4,3,4,3,3,2,5,4,3,4,3,3,4
109,mujer,15,lima,colegio1,privado,3,3,3,3,3,4,3,4,2,2,3,2,3,4,4,2,2,3,4,2,1,1,1,1,1,1,2,2,1
110,mujer,15,lima,colegio1,privado,3,3,2,4,3,3,3,3,1,2,2,3,3,4,3,3,3,1,3,2,2,3,4,2,1,2,3,3,3
111,mujer,15,lima,colegio1,privado,3,4,4,3,3,4,3,3,3,5,3,3,4,3,4,4,4,3,5,3,4,4,5,4,2,3,3,3,2
112,mujer,15,lima,colegio1,privado,3,5,3,3,4,4,3,3,4,4,3,3,3,3,4,4,4,4,4,4,5,5,5,2,4,4,4,4,4
113,mujer,15,lima,colegio1,privado,3,2,3,4,4,4,3,3,3,3,4,4,4,4,5,4,4,4,5,4,2,4,5,4,4,3,3,3,4
114,mujer,15,lima,colegio1,privado,3,4,3,5,5,4,2,4,5,5,3,4,4,4,5,2,4,3,4,5,1,2,5,1,2,5,4,4,3
115,mujer,15,lima,colegio1,privado,4,3,5,4,5,5,4,5,3,4,5,4,5,5,5,4,5,4,5,5,4,4,3,1,4,5,4,5,4
116,mujer,15,lima,colegio1,privado,4,5,3,4,4,4,5,4,4,3,4,3,4,4,4,3,4,3,4,4,2,3,4,4,3,4,4,2,2
117,mujer,15,lima,colegio1,privado,4,3,4,4,3,4,1,3,4,3,4,2,4,4,4,4,4,4,3,4,3,3,3,1,1,3,3,3,2
118,mujer,15,lima,colegio1,privado,4,4,4,3,4,4,4,4,2,4,4,4,4,4,3,3,3,3,4,3,4,4,5,4,3,4,4,4,4
119,mujer,15,lima,colegio1,privado,4,4,4,4,4,5,2,3,4,4,4,4,4,4,4,5,4,4,4,4,4,4,5,3,3,3,4,4,4
120,mujer,15,lima,colegio1,privado,4,3,2,4,4,5,2,4,4,4,4,4,5,4,4,5,5,4,5,4,5,4,3,3,3,4,4,4,5
121,mujer,15,lima,colegio1,privado,4,4,4,3,4,3,3,4,2,3,3,4,3,4,4,3,4,4,4,4,4,5,5,3,3,4,3,4,5
122,mujer,15,lima,colegio1,privado,4,4,2,4,4,3,3,2,2,2,2,3,4,3,4,4,3,2,4,4,2,3,2,4,2,3,4,3,5
123,mujer,15,lima,colegio1,privado,4,3,4,3,4,4,5,4,3,2,4,4,4,4,4,3,4,4,5,3,5,2,4,1,4,3,4,2,5
124,mujer,15,lima,colegio1,privado,4,4,3,4,4,5,5,4,4,3,4,3,4,4,4,4,4,4,4,3,4,2,3,4,3,4,3,2,3
125,mujer,15,lima,colegio1,privado,4,4,4,5,5,4,5,4,5,4,4,4,5,4,4,4,4,4,4,4,2,4,5,4,4,5,2,2,4
126,mujer,15,lima,colegio1,privado,4,4,3,4,5,4,5,5,3,3,4,5,4,3,3,3,3,3,3,3,4,3,1,4,4,4,4,3,4
127,mujer,15,lima,colegio1,privado,5,4,3,4,4,4,3,4,4,4,4,4,4,4,4,4,4,5,5,4,5,4,5,4,2,4,4,5,5
128,mujer,15,lima,colegio1,privado,5,4,4,4,4,4,3,4,3,4,4,5,5,4,4,4,5,4,4,4,3,3,5,3,4,4,3,4,2
129,mujer,15,lima,colegio1,privado,5,4,4,5,4,5,4,4,4,4,3,4,4,5,4,5,5,4,4,4,5,3,5,3,2,4,3,4,4
130,mujer,15,lima,colegio1,privado,5,5,5,5,4,4,5,5,2,5,3,3,5,4,5,3,5,5,4,5,5,5,4,5,5,4,5,4,4
131,mujer,15,lima,colegio1,privado,5,5,4,5,5,5,4,5,5,4,5,5,5,5,5,5,5,5,5,5,5,5,5,5,3,5,4,5,4
132,mujer,15,lima,colegio1,privado,5,5,5,5,5,5,5,3,3,4,4,3,4,3,3,3,3,4,4,4,3,3,4,3,3,3,4,3,2
133,mujer,15,lima,colegio1,privado,5,4,3,4,4,4,5,4,2,3,3,3,4,4,4,5,4,4,5,4,4,5,5,3,4,2,4,4,3
134,mujer,16,lima,colegio1,privado,2,3,2,3,2,5,3,3,2,2,1,3,5,5,5,3,3,1,3,4,2,4,5,3,2,4,1,4,4
135,mujer,16,lima,colegio1,privado,2,4,4,4,4,4,4,5,3,4,3,3,3,4,4,4,4,4,4,3,3,4,3,2,2,3,3,3,3
136,mujer,16,lima,colegio1,privado,2,3,1,5,4,2,1,2,1,2,1,3,4,1,2,3,3,3,2,2,3,3,5,4,4,3,1,5,1
137,mujer,16,lima,colegio1,privado,2,3,4,2,3,3,2,5,2,3,3,3,4,4,4,3,3,3,5,3,4,5,5,2,3,3,3,3,5
138,mujer,16,lima,colegio1,privado,2,4,4,4,3,2,2,3,4,4,2,2,3,4,3,4,3,3,2,3,3,4,5,4,3,3,3,3,3
139,mujer,16,lima,colegio1,privado,3,3,3,3,3,4,3,4,2,3,3,3,4,4,4,3,3,3,4,3,2,1,4,1,3,3,3,3,1
140,mujer,16,lima,colegio1,privado,3,2,3,5,4,4,2,3,3,2,2,4,3,2,3,4,3,3,3,4,4,2,2,3,2,2,4,4,4
141,mujer,16,lima,colegio1,privado,3,4,2,4,4,4,4,5,2,2,4,2,4,4,4,4,4,4,4,4,2,4,4,2,3,2,3,3,3
142,mujer,16,lima,colegio1,privado,3,4,4,4,4,4,2,3,4,3,4,3,4,4,4,4,3,4,3,3,2,3,3,2,2,3,3,3,3
143,mujer,16,lima,colegio1,privado,3,3,2,3,2,4,1,3,4,3,4,4,5,4,4,3,3,1,2,5,3,5,3,4,5,4,2,5,2
144,mujer,16,lima,colegio1,privado,3,1,2,3,1,4,4,2,5,3,2,1,4,4,2,5,5,1,4,3,3,2,5,3,3,3,4,2,3
145,mujer,16,lima,colegio1,privado,3,4,4,3,2,5,3,4,2,4,4,4,5,5,4,4,4,3,4,4,1,2,3,1,1,4,2,5,1
146,mujer,16,lima,colegio1,privado,3,3,2,4,4,5,4,2,3,3,4,3,4,3,4,4,4,3,4,4,4,2,2,3,3,4,4,3,4
147,mujer,16,lima,colegio1,privado,3,4,3,2,3,3,3,4,2,2,4,2,5,3,4,3,3,5,4,4,2,3,5,2,3,3,3,3,3
148,mujer,16,lima,colegio1,privado,3,1,2,2,3,4,3,2,2,4,3,4,5,5,4,2,2,3,3,4,3,2,3,3,3,2,2,1,3
149,mujer,16,lima,colegio1,privado,3,3,3,3,3,3,3,3,3,3,2,2,2,2,2,3,4,3,2,3,3,2,2,3,3,2,3,2,2
150,mujer,16,lima,colegio1,privado,3,4,4,4,4,4,4,4,4,4,4,5,4,4,4,4,3,4,4,4,3,4,2,3,4,4,2,4,4
151,mujer,16,lima,colegio1,privado,3,4,4,3,5,2,5,2,2,5,5,4,4,4,4,5,4,4,5,1,4,5,4,3,5,5,3,4,3
152,mujer,16,lima,colegio1,privado,3,3,3,3,3,4,3,4,3,3,3,4,3,3,4,3,2,3,4,3,3,3,3,2,1,2,2,3,2
153,mujer,16,lima,colegio1,privado,3,4,2,4,5,4,5,4,4,4,4,4,4,5,5,4,4,4,5,4,5,5,5,5,4,3,2,3,5
154,mujer,16,lima,colegio1,privado,3,3,4,3,3,4,3,3,1,4,2,4,4,3,3,4,5,3,4,3,2,4,5,1,4,2,2,2,3
155,mujer,16,lima,colegio1,privado,3,3,1,2,4,5,4,5,1,2,2,3,3,3,5,5,1,3,3,3,2,5,4,4,1,2,2,2,1
156,mujer,16,lima,colegio1,privado,4,4,5,5,4,5,5,5,4,5,5,5,5,4,4,5,5,5,5,5,4,4,3,4,4,4,4,3,4
157,mujer,16,lima,colegio1,privado,4,4,4,4,4,3,2,3,3,4,4,5,5,4,5,3,5,5,4,4,4,4,4,4,5,4,4,3,4
158,mujer,16,lima,colegio1,privado,4,2,2,2,2,4,4,3,1,1,4,4,3,3,2,3,3,3,3,3,4,2,5,3,4,4,3,3,3
159,mujer,16,lima,colegio1,privado,4,4,3,3,4,4,3,4,3,2,4,4,4,4,4,4,3,3,3,4,5,5,5,4,4,4,4,3,4
160,mujer,16,lima,colegio1,privado,4,4,4,4,4,4,4,4,4,4,4,4,4,4,4,4,4,4,4,4,4,4,4,4,4,4,4,4,4
161,mujer,16,lima,colegio1,privado,4,4,4,4,4,4,4,4,3,4,2,3,4,3,3,4,4,3,3,4,5,4,5,5,5,4,4,3,4
162,mujer,16,lima,colegio1,privado,4,4,4,4,4,4,3,4,5,3,3,5,4,4,5,4,5,5,5,4,3,3,4,2,2,4,4,4,3
163,mujer,16,lima,colegio1,privado,4,3,4,4,5,5,3,4,2,5,3,4,4,5,5,5,5,5,5,5,4,4,5,4,3,4,3,3,4
164,mujer,16,lima,colegio1,privado,4,4,4,4,4,4,4,4,4,4,4,4,4,4,4,4,4,5,5,4,4,4,4,4,4,5,5,5,4
165,mujer,16,lima,colegio1,privado,4,4,5,4,3,5,5,4,5,4,4,4,5,4,4,4,3,3,5,1,4,4,3,3,4,4,4,4,4
166,mujer,16,lima,colegio1,privado,4,5,3,4,5,4,4,4,4,4,5,4,4,3,4,4,5,5,5,5,5,3,5,5,5,4,4,5,5
167,mujer,16,lima,colegio1,privado,4,3,3,4,5,4,4,3,2,4,3,3,5,5,4,4,4,3,4,4,4,3,5,3,3,3,3,5,3
168,mujer,16,lima,colegio1,privado,5,4,4,4,5,5,4,4,5,5,5,4,5,5,4,4,5,5,5,4,5,5,5,4,4,4,4,4,4
169,mujer,16,lima,colegio1,privado,5,1,4,3,5,4,3,2,2,4,3,4,3,5,3,3,3,2,4,3,5,5,5,4,4,4,5,4,4
170,mujer,16,lima,colegio1,privado,5,4,4,4,4,4,4,4,4,4,4,4,4,4,4,4,4,4,4,4,4,4,4,4,4,4,4,4,4
171,mujer,16,lima,colegio1,privado,5,5,3,5,5,5,4,5,4,4,5,5,4,4,4,4,4,4,5,5,4,4,5,5,4,4,4,4,4
172,mujer,16,lima,colegio1,privado,5,5,5,5,5,4,5,5,5,5,4,4,4,5,5,4,5,5,5,5,5,4,3,4,5,5,5,5,5
173,mujer,16,lima,colegio1,privado,5,4,5,5,5,4,3,4,1,5,5,4,4,4,4,4,4,4,4,5,2,2,3,1,1,3,2,4,2
174,mujer,17,lima,colegio1,privado,3,3,2,2,3,3,4,4,2,3,3,5,3,4,4,3,4,4,4,3,4,2,3,2,4,4,3,2,3
175,mujer,17,lima,colegio1,privado,4,3,4,3,4,4,3,4,3,4,3,3,3,2,3,3,3,4,5,4,5,3,5,4,4,3,3,2,4
176,hombre,14,cusco,colegio2,publico,5,4,5,3,4,5,2,3,3,3,4,5,4,3,4,5,4,4,5,2,1,3,2,4,1,4,1,3,1
177,hombre,15,cusco,colegio2,publico,1,3,1,4,3,5,4,5,2,2,3,5,5,5,1,4,5,5,4,2,1,4,1,3,4,4,1,2,1
178,hombre,15,cusco,colegio2,publico,2,2,3,3,3,3,4,3,3,2,3,3,2,3,3,3,3,4,3,3,3,3,3,3,3,3,3,3,3
179,hombre,15,cusco,colegio2,publico,2,4,2,4,3,5,4,4,3,3,2,3,4,3,3,2,3,3,4,2,2,3,4,2,3,3,1,3,3
180,hombre,15,cusco,colegio2,publico,2,2,2,1,4,5,1,5,2,2,4,4,5,5,5,5,1,2,5,2,2,4,5,5,4,5,5,2,3
181,hombre,15,cusco,colegio2,publico,2,2,1,3,4,3,2,2,3,2,1,3,4,4,3,3,3,4,3,3,1,1,1,1,1,1,1,3,1
182,hombre,15,cusco,colegio2,publico,2,3,2,1,3,3,1,3,3,2,2,3,3,3,3,3,3,3,5,2,1,1,1,1,1,3,1,3,1
183,hombre,15,cusco,colegio2,publico,2,3,2,3,2,4,4,2,2,3,3,2,4,2,4,3,4,3,5,1,1,1,1,1,1,3,3,2,1
184,hombre,15,cusco,colegio2,publico,3,3,2,5,4,4,2,3,1,2,3,4,5,5,4,5,4,5,5,1,1,1,5,1,1,1,1,2,1
185,hombre,15,cusco,colegio2,publico,3,4,3,4,4,4,3,4,4,4,2,3,3,4,4,2,4,2,4,2,1,1,1,1,1,4,2,4,1
186,hombre,15,cusco,colegio2,publico,3,2,3,4,3,4,3,4,1,3,4,5,4,4,4,4,4,3,4,3,3,2,5,1,3,2,2,3,2
187,hombre,15,cusco,colegio2,publico,3,2,3,3,4,3,4,3,3,3,3,4,4,4,4,3,3,3,3,2,2,2,4,2,1,2,2,2,1
188,hombre,15,cusco,colegio2,publico,3,3,2,3,2,3,2,2,3,1,3,4,3,3,4,3,2,3,4,1,1,3,5,3,5,3,3,5,1
189,hombre,15,cusco,colegio2,publico,3,4,4,4,5,4,3,4,4,3,2,2,2,4,4,4,4,4,4,4,4,3,5,2,4,4,4,3,2
190,hombre,15,cusco,colegio2,publico,3,3,2,3,3,3,3,3,2,2,2,3,3,2,3,3,3,4,4,3,1,1,1,1,1,1,1,2,1
191,hombre,15,cusco,colegio2,publico,3,3,2,4,4,5,3,4,3,3,3,3,3,3,3,3,3,3,3,3,3,3,3,3,3,3,3,3,3
192,hombre,15,cusco,colegio2,publico,4,3,3,3,5,2,4,2,1,4,5,3,4,4,5,4,5,2,2,2,5,5,5,3,1,3,4,4,3
193,hombre,15,cusco,colegio2,publico,4,5,4,5,5,5,5,4,3,4,4,5,5,5,5,4,4,4,5,3,3,3,5,3,3,4,1,3,2
194,hombre,15,cusco,colegio2,publico,4,4,3,2,1,3,4,4,4,3,5,4,4,3,5,4,5,5,5,5,1,1,1,1,1,1,1,2,1
195,hombre,15,cusco,colegio2,publico,4,3,4,4,4,4,3,4,3,3,3,5,4,4,4,3,3,3,5,1,2,2,5,2,2,4,2,3,2
196,hombre,15,cusco,colegio2,publico,4,4,4,4,4,5,4,4,3,4,4,4,5,4,4,5,4,4,5,4,4,4,5,1,3,3,4,4,3
197,hombre,15,cusco,colegio2,publico,4,5,4,5,4,5,5,5,5,5,5,5,5,5,4,5,4,4,5,4,4,4,4,2,3,5,4,4,5
198,hombre,15,cusco,colegio2,publico,4,5,3,5,5,5,5,4,3,4,4,3,4,5,5,4,4,3,4,4,2,3,4,4,5,4,3,4,4
199,hombre,15,cusco,colegio2,publico,4,4,4,4,4,4,3,4,4,4,4,5,4,5,4,4,4,3,5,3,2,3,4,2,3,4,3,4,3
200,hombre,15,cusco,colegio2,publico,4,3,3,3,3,4,5,3,3,2,3,4,5,5,4,5,4,5,3,1,2,2,4,2,5,3,4,2,2
201,hombre,15,cusco,colegio2,publico,4,3,2,3,3,4,2,4,2,2,2,4,4,3,3,4,4,4,4,2,2,1,1,2,1,2,1,2,1
202,hombre,15,cusco,colegio2,publico,4,4,4,4,2,4,4,4,4,3,4,4,5,4,4,5,4,3,5,5,3,3,5,4,4,4,4,3,4
203,hombre,15,cusco,colegio2,publico,5,2,2,2,5,4,1,5,1,4,4,4,4,4,4,4,5,4,4,1,1,4,1,2,4,3,1,5,1
204,hombre,15,cusco,colegio2,publico,5,5,3,3,5,4,5,4,2,5,3,5,5,4,4,5,5,4,4,1,5,5,5,5,5,5,5,5,5
205,hombre,16,cusco,colegio2,publico,1,2,3,1,4,1,1,4,4,1,5,3,2,3,3,4,2,3,4,3,3,4,5,4,2,4,2,2,3
206,hombre,16,cusco,colegio2,publico,2,2,2,4,4,5,2,2,4,4,1,2,2,2,2,2,4,2,2,2,1,1,1,2,1,2,2,2,2
207,hombre,16,cusco,colegio2,publico,2,2,1,3,1,3,1,2,1,2,2,3,4,4,3,4,3,2,3,1,1,1,2,1,3,2,1,1,1
208,hombre,16,cusco,colegio2,publico,2,3,2,2,2,3,1,3,3,3,2,3,4,4,3,3,3,3,4,2,4,4,4,3,2,3,3,3,3
209,hombre,16,cusco,colegio2,publico,2,3,4,3,3,4,3,3,4,2,1,1,3,4,3,4,4,3,3,2,4,4,5,3,3,3,4,3,3
210,hombre,16,cusco,colegio2,publico,3,3,3,4,4,4,3,3,4,4,3,4,4,4,4,3,3,3,4,3,2,3,4,2,3,3,3,4,2
211,hombre,16,cusco,colegio2,publico,3,3,4,5,4,5,5,5,4,5,4,5,5,4,4,5,5,3,5,3,3,2,5,1,2,3,3,4,4
212,hombre,16,cusco,colegio2,publico,3,3,3,4,4,4,3,4,2,3,3,3,4,4,4,4,4,4,5,3,4,4,4,2,2,3,4,3,4
213,hombre,16,cusco,colegio2,publico,3,1,3,2,4,4,3,2,1,1,4,4,4,5,4,5,3,4,4,1,2,1,5,2,5,3,1,2,1
214,hombre,16,cusco,colegio2,publico,3,2,5,2,4,4,2,5,4,4,1,2,3,4,4,4,3,3,4,4,4,4,5,3,2,3,2,2,4
215,hombre,16,cusco,colegio2,publico,3,5,4,5,4,5,4,5,4,4,5,3,5,5,5,5,5,4,5,5,2,3,5,4,3,3,3,3,2
216,hombre,16,cusco,colegio2,publico,3,3,4,4,5,3,5,4,4,4,5,3,2,4,4,3,2,3,4,2,1,5,5,2,2,5,3,4,3
217,hombre,16,cusco,colegio2,publico,3,5,3,2,5,5,2,5,1,1,3,5,4,5,4,5,3,2,5,2,1,1,2,1,1,1,2,2,1
218,hombre,16,cusco,colegio2,publico,3,3,3,3,4,4,3,5,3,5,3,5,4,5,5,5,3,5,5,3,2,3,4,1,4,5,2,3,3
219,hombre,16,cusco,colegio2,publico,3,2,4,3,4,5,4,5,1,4,4,4,4,5,4,4,3,3,5,1,1,1,4,3,4,1,2,2,1
220,hombre,16,cusco,colegio2,publico,4,5,4,4,4,3,3,3,2,2,4,2,5,5,4,1,1,2,3,1,3,3,5,5,5,3,5,2,1
221,hombre,16,cusco,colegio2,publico,4,4,5,4,5,4,4,4,1,4,5,5,5,5,5,4,4,2,5,4,2,2,2,1,2,4,2,4,1
222,hombre,16,cusco,colegio2,publico,4,4,4,4,4,4,3,4,4,4,4,3,4,4,4,4,4,3,4,3,1,3,3,4,1,4,1,3,1
223,hombre,16,cusco,colegio2,publico,4,4,4,4,4,4,4,4,4,4,4,4,4,4,4,4,4,5,5,4,2,4,5,1,1,5,2,5,1
224,hombre,16,cusco,colegio2,publico,4,4,5,4,4,4,3,5,3,4,4,5,4,5,5,3,5,3,3,1,3,5,4,4,2,4,1,3,5
225,hombre,16,cusco,colegio2,publico,4,4,1,1,1,1,2,2,2,1,3,2,3,4,2,2,2,2,2,1,1,2,1,1,1,1,1,1,1
226,hombre,16,cusco,colegio2,publico,4,5,4,4,5,4,4,5,3,4,4,4,5,4,4,5,4,3,4,1,2,2,5,2,3,4,3,3,2
227,hombre,16,cusco,colegio2,publico,4,3,3,4,4,3,2,4,1,3,4,4,4,5,4,5,2,2,2,1,1,4,4,1,1,4,1,3,1
228,hombre,16,cusco,colegio2,publico,4,3,4,4,5,4,4,3,4,4,5,4,4,3,4,5,4,4,4,3,1,2,2,2,2,5,3,4,2
229,hombre,16,cusco,colegio2,publico,5,4,5,5,4,4,5,4,2,4,5,5,4,5,4,4,4,4,4,4,1,5,4,5,4,4,1,4,1
230,hombre,16,cusco,colegio2,publico,5,5,5,4,5,5,3,5,5,5,5,3,4,5,5,5,5,3,5,4,3,3,3,2,5,3,3,5,3
231,hombre,17,cusco,colegio2,publico,2,4,2,3,3,4,2,4,1,1,1,2,4,3,3,3,3,2,3,3,4,2,4,1,1,3,3,2,2
232,hombre,17,cusco,colegio2,publico,2,4,2,4,5,2,2,3,1,2,4,3,4,4,4,4,4,2,3,2,1,2,5,2,2,4,1,2,2
233,hombre,17,cusco,colegio2,publico,2,3,4,3,3,3,3,4,4,4,3,4,4,4,4,4,4,4,4,4,2,2,1,2,1,4,2,4,2
234,hombre,17,cusco,colegio2,publico,3,4,4,5,5,4,4,4,5,4,5,4,4,4,5,5,4,5,5,4,1,4,5,3,3,4,3,4,3
235,hombre,17,cusco,colegio2,publico,3,3,2,3,4,3,4,3,1,4,3,3,3,3,3,3,3,3,4,1,4,4,5,3,3,3,4,4,4
236,hombre,17,cusco,colegio2,publico,3,3,3,2,4,5,2,3,4,3,2,3,3,3,3,3,4,4,5,3,2,3,2,2,5,2,2,3,2
237,hombre,17,cusco,colegio2,publico,4,4,3,5,4,3,4,3,2,3,3,3,5,3,4,5,3,4,4,2,1,1,5,2,1,3,3,3,1
238,hombre,18,cusco,colegio2,publico,2,2,2,5,3,5,3,5,2,4,4,3,5,4,4,4,3,3,4,3,1,1,1,1,1,3,3,3,1
239,hombre,18,cusco,colegio2,publico,4,4,4,5,4,3,4,4,3,4,4,4,3,5,4,3,3,3,3,3,3,3,3,4,4,3,3,4,4
240,mujer,15,cusco,colegio2,publico,2,3,2,1,4,4,2,4,1,1,1,2,3,4,1,4,2,4,4,1,1,1,2,1,1,2,1,3,1
241,mujer,15,cusco,colegio2,publico,2,5,4,2,4,3,3,3,2,3,2,3,5,2,3,4,4,3,5,1,5,2,3,5,3,3,3,3,3
242,mujer,15,cusco,colegio2,publico,2,4,1,2,4,5,5,4,1,4,3,3,4,4,4,4,4,5,5,3,2,1,1,1,1,1,1,1,1
243,mujer,15,cusco,colegio2,publico,2,2,2,2,2,5,2,5,2,2,2,2,5,5,2,5,2,3,4,2,1,1,4,1,1,2,2,2,2
244,mujer,15,cusco,colegio2,publico,2,1,1,2,3,3,3,1,2,1,1,2,3,3,3,2,3,3,4,1,1,1,1,1,1,2,1,3,1
245,mujer,15,cusco,colegio2,publico,3,4,4,4,4,3,2,4,3,3,4,3,4,4,3,3,3,2,5,3,1,1,3,1,3,2,2,3,3
246,mujer,15,cusco,colegio2,publico,3,2,3,3,4,3,2,3,1,2,2,5,5,5,4,3,4,2,4,1,1,1,3,1,1,3,2,3,1
247,mujer,15,cusco,colegio2,publico,3,2,3,3,3,5,4,3,3,2,4,4,5,4,3,4,4,3,3,3,1,3,2,3,1,4,5,4,2
248,mujer,15,cusco,colegio2,publico,3,4,4,4,3,4,4,4,4,3,4,3,4,4,4,4,4,4,4,2,3,1,4,1,1,3,3,3,1
249,mujer,15,cusco,colegio2,publico,3,4,3,4,4,4,1,4,3,3,3,3,4,4,5,3,4,3,3,2,1,1,3,1,1,4,3,3,2
250,mujer,15,cusco,colegio2,publico,3,3,3,4,2,4,3,2,2,3,2,2,3,4,3,3,3,3,3,1,2,3,3,1,4,3,2,2,2
251,mujer,15,cusco,colegio2,publico,3,3,2,2,2,3,3,3,1,2,3,2,4,4,4,4,3,3,4,3,1,2,2,1,1,2,1,2,1
252,mujer,15,cusco,colegio2,publico,3,5,4,4,4,5,4,3,4,4,5,3,4,4,4,4,3,3,5,3,3,4,5,3,2,4,3,3,3
253,mujer,15,cusco,colegio2,publico,3,3,3,4,4,4,3,4,3,4,4,4,4,4,4,4,4,4,4,4,3,4,2,2,2,4,3,3,2
254,mujer,15,cusco,colegio2,publico,3,3,4,4,4,5,4,4,3,3,3,4,4,4,4,3,4,4,4,1,5,3,2,4,5,3,5,3,4
255,mujer,15,cusco,colegio2,publico,4,5,5,4,5,5,5,5,4,5,4,4,5,5,5,5,4,3,5,4,1,3,3,3,2,4,4,3,2
256,mujer,15,cusco,colegio2,publico,4,4,4,5,5,4,5,4,5,5,5,5,5,4,4,4,4,3,4,5,3,5,5,4,5,5,5,5,5
257,mujer,15,cusco,colegio2,publico,4,4,4,4,4,5,4,4,4,4,5,4,5,4,5,4,5,5,5,4,5,5,4,4,4,4,5,4,5
258,mujer,15,cusco,colegio2,publico,4,5,3,5,4,4,5,5,3,4,5,4,5,5,5,4,4,5,4,4,2,4,3,4,5,4,5,4,3
259,mujer,15,cusco,colegio2,publico,5,5,3,2,3,3,3,3,3,3,3,3,3,3,3,3,3,3,3,3,3,3,3,3,3,3,3,3,3
260,mujer,16,cusco,colegio2,publico,1,2,1,2,1,1,1,1,1,1,1,3,3,5,2,1,2,2,2,1,2,1,4,2,2,2,3,2,2
261,mujer,16,cusco,colegio2,publico,1,1,1,1,4,4,3,4,1,2,4,4,4,5,4,5,4,2,4,3,1,1,5,1,1,5,1,2,1
262,mujer,16,cusco,colegio2,publico,1,2,2,2,2,4,1,2,1,1,1,2,3,2,2,3,2,2,2,1,1,1,2,1,1,2,1,2,1
263,mujer,16,cusco,colegio2,publico,2,4,4,4,4,4,4,4,4,4,4,4,4,4,4,4,4,4,4,4,4,4,4,4,4,4,4,4,4
264,mujer,16,cusco,colegio2,publico,2,2,1,2,3,4,4,3,2,2,1,2,4,4,4,4,3,2,4,4,1,4,1,1,4,3,1,2,1
265,mujer,16,cusco,colegio2,publico,2,3,5,4,4,4,2,2,1,2,3,3,4,4,5,4,5,5,4,4,4,2,4,2,5,4,2,4,2
266,mujer,16,cusco,colegio2,publico,3,1,1,2,1,3,1,2,1,1,1,2,2,2,2,2,1,1,1,2,1,1,2,1,1,2,2,1,1
267,mujer,16,cusco,colegio2,publico,3,3,3,5,5,3,3,3,3,3,5,5,3,5,3,5,3,3,3,3,3,3,5,3,1,2,2,3,3
268,mujer,16,cusco,colegio2,publico,3,5,2,2,4,4,4,4,2,2,2,3,4,4,3,4,4,3,4,4,1,1,2,1,2,4,1,2,1
269,mujer,16,cusco,colegio2,publico,3,4,3,3,4,4,4,4,2,4,4,3,4,4,3,4,4,1,5,1,2,4,5,2,2,3,1,3,2
270,mujer,16,cusco,colegio2,publico,3,2,1,3,3,3,2,3,3,3,3,3,2,3,3,3,3,3,3,3,3,3,3,3,3,3,3,3,3
271,mujer,16,cusco,colegio2,publico,4,4,5,3,5,5,4,3,3,3,4,4,4,4,4,4,4,4,5,4,2,3,5,1,4,4,3,4,4
272,mujer,16,cusco,colegio2,publico,4,5,1,5,1,5,1,5,1,2,4,4,5,5,4,3,3,2,4,3,1,1,3,1,3,2,1,1,2
273,mujer,16,cusco,colegio2,publico,4,4,4,4,5,5,4,4,4,4,4,4,4,4,4,4,4,4,4,4,4,4,4,4,4,4,4,5,4
274,mujer,16,cusco,colegio2,publico,5,5,3,5,3,4,2,5,5,4,4,4,5,3,5,4,4,3,3,5,5,5,5,5,3,3,3,3,5
275,mujer,17,cusco,colegio2,publico,2,1,4,4,4,4,4,2,1,2,2,2,2,2,2,2,2,2,2,1,2,2,5,2,2,4,2,2,2
276,mujer,17,cusco,colegio2,publico,4,4,4,4,4,4,4,5,5,4,3,3,4,4,4,3,4,3,4,3,2,3,4,5,3,3,2,3,3
277,hombre,15,cusco,colegio3,publico,1,3,2,2,3,3,4,3,2,2,4,2,3,3,4,4,4,4,2,5,3,3,5,4,3,2,5,4,3
278,hombre,15,cusco,colegio3,publico,2,3,2,2,3,3,2,2,3,2,3,3,3,3,4,4,4,3,2,3,1,1,4,1,1,2,1,3,1
279,hombre,15,cusco,colegio3,publico,2,4,3,3,5,4,3,2,2,2,2,3,4,4,4,4,3,3,2,4,1,1,5,1,2,4,4,2,1
280,hombre,15,cusco,colegio3,publico,2,2,3,2,2,2,4,3,2,4,2,2,3,3,3,3,2,2,2,2,2,3,4,4,4,3,4,3,3
281,hombre,15,cusco,colegio3,publico,2,2,2,3,4,3,2,2,3,2,3,3,2,4,2,3,4,4,4,2,1,1,5,2,3,1,1,2,1
282,hombre,15,cusco,colegio3,publico,3,3,2,4,4,3,1,3,2,3,4,2,5,3,4,3,4,2,3,3,1,2,2,3,5,4,2,4,2
283,hombre,15,cusco,colegio3,publico,3,2,3,3,3,5,2,4,2,4,3,4,4,2,4,3,2,3,3,4,2,2,5,2,2,3,4,4,2
284,hombre,15,cusco,colegio3,publico,3,4,1,4,3,4,1,4,3,2,3,3,4,3,4,4,4,4,4,1,1,1,3,1,1,2,1,3,1
285,hombre,15,cusco,colegio3,publico,4,3,4,4,3,4,4,4,3,3,4,4,5,4,4,5,4,3,4,5,2,2,1,4,4,5,4,4,1
286,hombre,15,cusco,colegio3,publico,4,4,4,4,4,4,4,4,3,4,4,4,4,4,4,3,3,3,4,4,3,3,1,3,4,3,3,4,3
287,hombre,15,cusco,colegio3,publico,4,4,4,5,5,5,5,4,4,4,3,4,5,4,4,5,5,4,4,1,4,5,3,4,4,3,3,5,3
288,hombre,15,cusco,colegio3,publico,4,3,2,4,4,3,1,3,1,2,2,4,3,4,4,3,2,1,4,1,1,1,2,1,1,2,1,1,1
289,hombre,15,cusco,colegio3,publico,4,4,2,4,5,5,4,4,2,2,3,3,4,4,4,4,4,4,1,3,4,3,5,3,3,4,4,3,4
290,hombre,15,cusco,colegio3,publico,4,4,1,3,5,4,2,4,3,3,2,5,4,4,3,4,5,3,3,3,1,1,4,1,1,1,4,4,1
291,hombre,15,cusco,colegio3,publico,4,4,4,5,5,4,4,5,4,5,5,5,5,4,4,4,4,4,5,4,4,5,5,5,5,4,4,5,4
292,hombre,15,cusco,colegio3,publico,5,4,3,5,4,4,3,3,3,5,2,5,2,5,5,4,3,5,4,5,3,5,4,3,5,3,3,5,3
293,hombre,15,cusco,colegio3,publico,5,5,3,4,4,4,2,4,1,3,5,5,5,5,5,4,4,4,5,5,1,1,1,5,1,2,5,5,1
294,hombre,15,cusco,colegio3,publico,5,4,4,4,4,4,4,4,4,4,5,5,5,5,4,4,4,4,4,4,4,5,3,5,5,5,5,5,2
295,hombre,16,cusco,colegio3,publico,1,5,2,5,4,3,4,4,2,3,2,3,4,4,3,3,3,3,4,4,2,4,4,1,2,4,3,4,3
296,hombre,16,cusco,colegio3,publico,2,4,2,2,4,5,2,4,2,2,1,2,2,4,4,4,1,4,4,4,1,4,1,1,4,4,2,2,1
297,hombre,16,cusco,colegio3,publico,2,3,2,4,5,5,5,5,2,3,2,2,2,4,3,3,4,3,2,2,3,2,4,3,1,4,2,2,3
298,hombre,16,cusco,colegio3,publico,2,2,2,4,2,4,3,4,3,2,3,4,4,4,4,4,4,3,4,2,1,2,3,4,4,5,4,4,2
299,hombre,16,cusco,colegio3,publico,2,3,3,4,4,1,4,5,2,1,4,2,3,4,5,3,5,3,4,3,4,1,1,1,4,5,2,4,1
300,hombre,16,cusco,colegio3,publico,2,2,2,3,5,2,2,1,3,3,2,2,3,3,3,2,3,3,3,2,3,4,2,3,2,3,2,3,2
301,hombre,16,cusco,colegio3,publico,2,3,2,3,3,2,5,5,3,1,2,1,4,5,3,3,2,3,5,3,4,4,4,4,5,4,1,2,1
302,hombre,16,cusco,colegio3,publico,2,3,2,4,4,3,5,4,3,3,3,3,4,3,5,4,3,3,5,3,4,4,5,3,4,5,3,2,3
303,hombre,16,cusco,colegio3,publico,2,3,2,5,3,5,2,5,2,3,3,2,2,2,3,2,2,3,2,2,1,1,2,1,1,1,2,2,1
304,hombre,16,cusco,colegio3,publico,2,3,2,2,3,4,2,2,2,2,2,5,2,2,4,4,2,2,2,3,2,2,4,2,3,2,3,2,2
305,hombre,16,cusco,colegio3,publico,2,1,1,4,4,4,4,4,2,5,4,5,4,4,4,4,4,4,4,5,4,4,5,3,5,4,4,3,4
306,hombre,16,cusco,colegio3,publico,2,3,4,2,2,2,2,2,1,2,1,1,3,2,2,5,2,1,3,3,1,1,3,4,1,3,1,1,1
307,hombre,16,cusco,colegio3,publico,2,2,2,2,3,3,3,2,3,3,2,1,3,3,3,3,3,1,2,2,2,2,2,3,3,3,3,3,3
308,hombre,16,cusco,colegio3,publico,3,3,2,2,3,4,2,2,2,2,1,1,3,3,2,3,3,2,3,4,1,1,1,1,4,2,2,3,1
309,hombre,16,cusco,colegio3,publico,3,5,4,5,3,5,4,4,4,3,3,3,3,4,4,4,4,4,5,1,1,3,3,3,3,3,3,2,1
310,hombre,16,cusco,colegio3,publico,3,3,2,4,4,4,2,5,2,2,2,3,4,4,5,5,3,4,5,1,2,2,4,3,3,3,1,3,3
311,hombre,16,cusco,colegio3,publico,3,4,3,4,3,3,2,2,3,4,2,4,5,4,3,3,3,3,2,2,3,2,3,2,5,3,3,3,2
312,hombre,16,cusco,colegio3,publico,3,4,4,4,3,4,4,4,2,3,3,3,4,5,4,3,4,4,4,4,2,2,2,2,2,3,3,3,3
313,hombre,16,cusco,colegio3,publico,3,2,5,3,4,5,2,5,1,2,3,3,5,2,5,3,5,3,5,2,2,5,5,2,5,2,3,3,3
314,hombre,16,cusco,colegio3,publico,3,4,4,5,5,4,4,4,4,4,5,4,4,4,5,5,3,3,3,3,3,3,3,3,3,3,3,3,3
315,hombre,16,cusco,colegio3,publico,3,4,2,4,4,4,4,4,4,3,4,4,4,3,4,4,3,3,4,3,4,5,4,3,3,4,3,4,4
316,hombre,16,cusco,colegio3,publico,3,3,3,4,5,3,3,3,2,2,3,4,3,4,3,4,3,2,3,4,2,3,3,2,4,3,3,2,3
317,hombre,16,cusco,colegio3,publico,3,4,5,5,4,4,3,4,4,5,3,4,5,4,4,3,5,4,3,5,4,3,5,4,5,4,4,3,4
318,hombre,16,cusco,colegio3,publico,3,3,3,4,4,4,2,3,2,2,3,3,4,4,4,3,3,4,4,3,2,3,3,3,2,3,2,2,2
319,hombre,16,cusco,colegio3,publico,4,4,4,4,4,5,1,4,1,4,3,3,4,3,4,4,4,3,4,3,2,2,4,1,2,3,1,4,1
320,hombre,16,cusco,colegio3,publico,4,3,3,4,3,4,3,4,3,3,3,3,3,4,4,3,3,3,3,3,3,4,4,2,2,3,3,3,3
321,hombre,16,cusco,colegio3,publico,4,5,4,4,4,5,5,4,5,4,5,4,4,4,2,5,4,3,3,4,4,4,4,2,3,5,4,4,5
322,hombre,16,cusco,colegio3,publico,4,2,4,4,5,4,4,5,2,4,1,3,4,4,3,4,2,3,3,5,1,1,5,2,4,3,4,3,4
323,hombre,16,cusco,colegio3,publico,4,3,3,4,3,4,3,3,2,3,3,4,4,5,4,4,3,3,4,5,3,3,4,4,3,4,5,4,4
324,hombre,16,cusco,colegio3,publico,4,3,4,4,4,3,3,4,3,3,3,3,4,4,4,3,3,3,3,3,3,2,3,2,4,4,3,3,3
325,hombre,16,cusco,colegio3,publico,4,4,3,3,4,4,3,4,3,3,3,3,4,3,3,3,3,3,4,3,1,2,5,1,1,2,2,2,2
326,hombre,16,cusco,colegio3,publico,4,3,3,3,4,4,1,4,1,4,3,4,4,4,4,4,4,3,4,3,1,2,3,1,1,3,1,2,1
327,hombre,16,cusco,colegio3,publico,4,5,4,4,3,5,1,5,2,3,3,4,5,5,5,5,4,5,5,4,2,4,5,1,3,5,1,3,3
328,hombre,16,cusco,colegio3,publico,4,5,2,4,4,5,4,5,2,4,4,5,4,5,4,5,5,4,5,5,1,1,3,1,1,2,3,3,1
329,hombre,16,cusco,colegio3,publico,5,4,4,4,4,4,3,4,3,3,3,4,5,5,4,4,5,4,4,4,2,4,4,4,3,4,4,4,4
330,hombre,16,cusco,colegio3,publico,5,5,4,4,4,4,4,4,4,4,4,4,4,4,4,4,5,4,3,3,3,3,1,3,5,4,5,5,3
331,hombre,16,cusco,colegio3,publico,5,5,4,4,4,4,4,4,2,2,4,4,5,5,4,5,5,4,5,4,2,3,4,2,3,4,4,4,3
332,hombre,16,cusco,colegio3,publico,5,4,4,4,5,5,3,4,3,4,3,4,5,5,4,5,4,3,4,1,3,5,4,3,4,5,3,5,2
333,hombre,16,cusco,colegio3,publico,5,5,4,4,4,5,4,4,2,4,4,4,4,4,4,3,5,4,4,4,1,1,3,1,1,2,1,3,1
334,hombre,16,cusco,colegio3,publico,5,5,2,4,5,5,3,5,2,1,5,5,5,5,3,3,3,3,5,4,2,5,1,5,5,3,5,3,5
335,hombre,16,cusco,colegio3,publico,5,5,3,3,5,4,3,3,4,3,3,3,4,5,3,4,4,3,4,3,5,5,5,5,4,4,1,4,3
336,hombre,16,cusco,colegio3,publico,5,5,4,3,4,4,5,3,4,5,4,3,5,4,5,4,4,4,5,3,5,4,3,2,4,4,4,4,3
337,hombre,17,cusco,colegio3,publico,1,2,2,5,4,1,2,1,3,1,4,2,1,2,2,1,2,1,2,1,1,2,2,2,2,1,2,3,1
338,hombre,17,cusco,colegio3,publico,1,1,1,1,2,3,2,1,1,1,1,1,1,1,1,1,2,1,2,2,2,1,1,2,2,2,2,2,2
339,hombre,17,cusco,colegio3,publico,1,3,3,4,4,4,3,2,4,2,4,4,4,4,4,4,4,4,4,4,4,3,4,4,4,3,4,4,4
340,hombre,17,cusco,colegio3,publico,2,4,2,4,2,2,3,4,3,1,2,3,4,4,3,4,3,3,4,4,2,2,2,2,5,3,4,4,1
341,hombre,17,cusco,colegio3,publico,2,2,2,2,5,1,5,3,1,2,2,4,4,1,5,5,3,2,5,2,1,1,1,1,1,2,1,4,2
342,hombre,17,cusco,colegio3,publico,2,4,2,4,3,5,3,4,4,3,3,4,4,4,4,4,4,4,4,2,1,2,1,1,1,3,4,4,1
343,hombre,17,cusco,colegio3,publico,2,3,2,4,3,3,3,4,4,4,3,3,4,4,3,3,4,3,4,4,2,3,4,4,5,2,4,4,4
344,hombre,17,cusco,colegio3,publico,2,1,4,1,2,3,3,3,3,2,2,2,5,5,3,2,4,3,2,4,1,2,3,4,3,4,1,5,4
345,hombre,17,cusco,colegio3,publico,3,4,1,4,3,3,1,3,3,3,2,3,3,3,3,4,3,2,3,3,1,1,1,1,1,3,3,3,1
346,hombre,17,cusco,colegio3,publico,3,4,5,4,5,4,5,4,4,4,3,2,5,5,5,4,5,4,4,5,5,5,4,1,3,5,3,2,5
347,hombre,17,cusco,colegio3,publico,3,3,1,3,5,4,3,3,2,2,2,4,4,3,2,1,2,3,4,3,2,3,4,3,3,4,4,3,3
348,hombre,17,cusco,colegio3,publico,3,3,3,3,4,4,4,4,3,3,5,5,5,5,5,5,5,5,5,5,5,5,5,5,5,5,5,5,5
349,hombre,17,cusco,colegio3,publico,3,3,2,3,5,5,5,4,3,4,2,3,5,4,3,4,3,3,4,4,5,3,3,3,2,4,2,3,5
350,hombre,17,cusco,colegio3,publico,4,4,2,3,4,4,4,4,3,2,4,2,5,4,5,5,3,1,4,4,5,5,3,4,4,4,5,5,4
351,hombre,17,cusco,colegio3,publico,4,3,4,5,2,4,1,4,4,3,5,2,3,4,5,2,2,4,3,3,4,4,4,3,4,2,4,4,4
352,hombre,17,cusco,colegio3,publico,4,4,4,5,4,5,4,4,4,4,5,4,5,4,4,5,4,4,4,5,2,4,3,2,2,4,4,4,4
353,hombre,17,cusco,colegio3,publico,4,3,3,4,3,4,3,3,3,4,4,3,4,3,3,4,3,4,3,3,4,4,5,4,3,4,4,3,3
354,hombre,17,cusco,colegio3,publico,4,5,4,4,5,5,2,5,5,5,5,3,5,5,5,5,4,5,4,2,3,5,5,3,4,5,4,4,5
355,hombre,17,cusco,colegio3,publico,5,4,4,4,5,5,4,4,4,4,3,3,5,3,5,4,5,5,5,4,1,1,5,1,3,5,5,5,3
356,hombre,18,cusco,colegio3,publico,5,4,5,4,4,5,1,3,2,5,2,2,5,2,5,2,2,4,4,2,2,2,2,2,1,2,2,4,2
357,mujer,16,cusco,colegio3,publico,2,3,1,3,2,3,1,4,1,2,4,3,5,5,2,3,3,2,4,4,1,1,2,1,1,1,1,2,2
358,hombre,14,cusco,colegio4,privado,2,4,1,2,4,1,3,4,1,1,3,3,4,4,5,5,3,2,4,1,4,5,5,3,2,4,3,3,4
359,hombre,15,cusco,colegio4,privado,1,1,1,2,1,3,1,2,1,1,1,1,3,3,2,4,1,1,3,1,1,1,3,1,5,1,1,3,1
360,hombre,15,cusco,colegio4,privado,1,2,1,2,4,4,1,2,1,2,2,3,4,5,2,1,1,2,5,1,2,2,5,1,3,1,2,5,5
361,hombre,15,cusco,colegio4,privado,2,1,1,2,5,4,3,2,4,3,3,3,3,3,4,2,4,3,4,4,5,4,4,4,5,4,4,2,4
362,hombre,15,cusco,colegio4,privado,2,2,1,4,1,2,1,1,1,3,4,3,4,3,3,5,3,2,3,5,3,1,2,1,4,2,1,3,1
363,hombre,15,cusco,colegio4,privado,2,4,3,4,5,5,2,5,5,5,5,5,4,5,4,5,4,4,5,5,2,2,4,1,2,4,4,3,4
364,hombre,15,cusco,colegio4,privado,3,2,5,4,3,5,4,5,5,4,3,4,3,4,3,5,4,4,5,4,5,5,5,4,3,3,4,3,4
365,hombre,15,cusco,colegio4,privado,3,3,3,3,3,4,2,3,3,4,3,3,4,3,3,4,4,3,3,4,3,3,2,2,2,2,2,3,2
366,hombre,15,cusco,colegio4,privado,3,5,2,3,4,5,3,5,3,3,5,5,5,4,5,3,4,5,5,3,5,3,5,3,5,3,3,5,3
367,hombre,15,cusco,colegio4,privado,3,3,4,4,4,4,4,3,2,3,3,4,4,4,4,3,4,3,5,2,4,5,5,4,3,3,3,3,4
368,hombre,15,cusco,colegio4,privado,3,2,2,2,2,3,1,2,2,3,3,3,3,4,4,4,5,5,5,4,5,1,2,3,1,2,4,4,4
369,hombre,15,cusco,colegio4,privado,3,2,2,4,4,4,4,4,1,3,3,4,4,4,4,3,3,4,5,2,5,5,5,4,3,3,4,3,4
370,hombre,15,cusco,colegio4,privado,3,3,1,2,3,3,2,4,1,1,2,4,3,2,4,3,3,3,2,2,5,4,5,4,4,3,4,4,2
371,hombre,15,cusco,colegio4,privado,3,4,2,3,2,4,3,4,1,3,3,3,4,4,4,4,5,3,4,1,5,4,5,4,3,4,5,3,4
372,hombre,15,cusco,colegio4,privado,3,5,3,3,3,5,4,4,3,3,4,3,4,5,4,5,4,4,5,1,5,5,4,4,3,4,4,2,4
373,hombre,15,cusco,colegio4,privado,3,3,2,4,4,4,2,2,1,3,3,4,5,4,3,4,4,4,5,1,2,2,4,2,5,3,1,3,1
374,hombre,15,cusco,colegio4,privado,3,2,2,5,5,4,1,3,5,3,3,5,5,5,3,3,3,2,2,1,5,5,5,5,3,3,3,1,5
375,hombre,15,cusco,colegio4,privado,3,4,3,4,4,3,4,4,2,4,3,3,3,4,4,3,4,4,4,3,2,4,3,3,4,2,2,4,3
376,hombre,15,cusco,colegio4,privado,3,4,3,3,4,4,4,4,2,2,2,4,4,3,4,3,4,3,4,3,1,3,4,4,2,2,3,4,2
377,hombre,15,cusco,colegio4,privado,3,3,3,4,5,4,4,3,2,3,3,4,4,4,4,4,3,3,5,3,4,5,5,4,3,3,3,3,4
378,hombre,15,cusco,colegio4,privado,3,4,2,5,5,4,1,4,4,4,4,5,5,4,4,4,4,4,4,4,2,3,5,1,2,4,3,2,2
379,hombre,15,cusco,colegio4,privado,4,4,4,5,5,4,4,4,3,4,3,4,4,4,5,5,4,4,4,4,3,2,3,2,2,4,4,4,2
380,hombre,15,cusco,colegio4,privado,4,5,5,5,4,4,4,4,4,3,4,3,5,4,4,3,4,4,2,4,1,3,5,2,4,4,4,4,3
381,hombre,15,cusco,colegio4,privado,4,4,5,5,4,4,3,3,4,3,4,4,5,4,5,4,4,4,5,2,4,2,5,2,5,4,2,4,2
382,hombre,15,cusco,colegio4,privado,4,4,5,4,3,5,4,4,3,4,4,4,5,5,4,3,4,3,4,4,3,4,4,2,2,3,3,3,4
383,hombre,15,cusco,colegio4,privado,4,4,4,4,4,5,4,4,5,4,4,4,4,4,5,5,4,5,5,4,4,4,5,4,3,4,5,4,4
384,hombre,15,cusco,colegio4,privado,4,4,2,3,4,4,3,4,1,2,3,4,4,4,5,4,5,4,4,3,3,3,5,3,3,4,4,3,5
385,hombre,15,cusco,colegio4,privado,4,3,3,2,4,3,1,3,2,3,3,3,4,3,3,4,4,4,4,4,3,3,3,4,3,4,3,3,2
386,hombre,15,cusco,colegio4,privado,4,4,1,4,3,4,1,1,2,1,3,4,4,4,4,4,4,3,4,2,4,3,5,4,3,4,3,5,4
387,hombre,15,cusco,colegio4,privado,4,3,3,4,3,4,2,4,1,3,4,5,4,5,4,4,4,4,4,2,4,4,5,4,3,3,4,3,3
388,hombre,15,cusco,colegio4,privado,4,4,3,4,2,4,3,5,2,4,4,3,4,4,3,4,4,3,3,4,3,3,3,3,3,2,3,3,3
389,hombre,15,cusco,colegio4,privado,4,5,5,5,3,4,2,4,5,4,2,3,4,4,4,4,3,3,5,4,1,3,1,1,1,2,4,3,1
390,hombre,15,cusco,colegio4,privado,4,5,3,4,4,5,5,5,3,3,4,4,5,5,5,5,4,4,4,2,1,4,4,2,2,5,2,3,1
391,hombre,15,cusco,colegio4,privado,5,3,4,4,4,5,2,5,4,5,4,4,5,4,4,4,5,2,4,5,4,3,4,3,2,3,4,3,4
392,hombre,15,cusco,colegio4,privado,5,3,2,2,2,4,1,3,2,1,2,4,2,1,1,3,1,5,5,1,2,1,1,1,1,1,1,2,1
393,hombre,15,cusco,colegio4,privado,5,5,5,5,5,5,5,5,5,5,5,5,5,5,5,5,4,5,5,5,5,5,5,5,5,5,5,5,5
394,hombre,15,cusco,colegio4,privado,5,5,5,5,5,4,5,4,5,4,5,4,5,5,5,5,5,5,5,5,4,4,4,5,4,5,4,5,5
395,hombre,15,cusco,colegio4,privado,5,2,2,4,2,3,1,2,2,2,2,5,4,4,3,4,3,5,5,2,3,1,5,1,3,1,3,3,3
396,hombre,15,cusco,colegio4,privado,5,3,3,4,2,5,3,3,3,4,5,4,5,5,5,4,4,4,4,4,3,2,1,2,2,4,2,4,1
397,hombre,15,cusco,colegio4,privado,5,4,4,4,4,4,3,4,3,3,4,5,4,4,4,4,4,5,5,3,3,3,5,2,2,4,4,4,4
398,hombre,15,cusco,colegio4,privado,5,5,4,4,4,5,2,4,5,3,4,4,5,4,4,3,4,5,4,4,4,4,5,5,4,5,3,4,4
399,hombre,15,cusco,colegio4,privado,5,5,2,5,5,3,4,4,1,2,4,2,4,4,4,4,4,2,4,2,1,5,3,1,1,5,5,2,1
400,hombre,16,cusco,colegio4,privado,1,2,1,1,1,2,3,2,1,2,1,1,1,1,3,1,1,1,4,1,1,1,2,3,1,2,2,5,1
401,hombre,16,cusco,colegio4,privado,2,4,3,2,4,3,3,4,2,3,3,4,2,2,3,2,2,3,3,3,4,4,4,4,3,3,4,4,4
402,hombre,16,cusco,colegio4,privado,2,3,3,2,4,3,1,2,2,3,2,3,2,3,2,4,3,2,3,4,3,3,4,2,3,3,4,2,3
403,hombre,16,cusco,colegio4,privado,2,2,1,2,2,4,1,3,1,4,5,5,5,3,4,3,1,2,5,3,5,1,5,5,3,3,4,4,5
404,hombre,16,cusco,colegio4,privado,3,2,3,4,4,4,3,3,2,2,5,5,4,4,4,3,4,3,4,3,3,2,5,2,4,4,4,3,3
405,hombre,16,cusco,colegio4,privado,3,2,2,2,3,3,3,1,3,3,4,3,4,4,2,4,3,2,3,3,1,1,3,2,1,1,1,1,2
406,hombre,16,cusco,colegio4,privado,3,4,4,3,5,4,4,3,1,4,3,3,4,5,4,5,4,3,5,3,5,4,3,3,3,3,4,5,4
407,hombre,16,cusco,colegio4,privado,3,3,2,3,3,3,3,3,4,3,3,4,5,3,4,3,4,4,4,4,2,3,4,2,4,5,2,4,3
408,hombre,16,cusco,colegio4,privado,3,4,5,4,4,5,3,4,4,2,4,4,5,4,4,4,4,4,5,3,4,4,5,4,3,2,3,4,4
409,hombre,16,cusco,colegio4,privado,3,2,3,1,1,3,1,2,1,3,3,4,3,3,3,4,3,2,2,3,3,1,2,2,3,3,2,2,2
410,hombre,16,cusco,colegio4,privado,3,3,2,4,4,4,2,4,2,2,3,4,4,3,4,4,3,4,5,4,2,2,5,3,3,3,2,4,2
411,hombre,16,cusco,colegio4,privado,3,3,2,2,2,4,1,3,1,3,3,3,4,3,4,4,3,4,4,4,4,3,3,3,4,4,2,5,4
412,hombre,16,cusco,colegio4,privado,3,3,3,5,4,4,2,2,3,4,4,3,2,4,4,4,4,3,5,2,4,2,4,3,2,2,4,2,3
413,hombre,16,cusco,colegio4,privado,3,4,2,5,4,4,3,4,3,3,4,2,3,5,4,4,5,2,5,4,4,3,5,4,3,3,2,4,3
414,hombre,16,cusco,colegio4,privado,4,4,4,4,4,4,3,4,4,4,4,4,4,4,4,5,4,4,5,4,4,4,5,4,4,4,4,5,4
415,hombre,16,cusco,colegio4,privado,4,3,5,4,3,5,3,4,5,5,3,2,4,4,4,5,5,3,4,1,5,5,5,4,4,5,4,3,5
416,hombre,16,cusco,colegio4,privado,4,4,4,4,4,4,4,4,3,4,3,3,4,4,4,4,4,3,4,4,4,4,4,2,3,4,4,3,4
417,hombre,16,cusco,colegio4,privado,4,3,4,4,3,5,3,5,4,3,4,5,4,4,4,4,4,4,4,5,3,2,5,4,3,5,5,2,5
418,hombre,17,cusco,colegio4,privado,4,3,2,2,4,4,1,3,1,3,4,4,5,4,4,4,3,4,5,1,4,5,4,2,3,4,4,4,4
419,mujer,15,cusco,colegio4,privado,1,1,1,2,2,1,1,1,1,1,3,5,5,3,3,3,3,3,5,1,2,4,4,3,4,4,3,4,3
420,mujer,15,cusco,colegio4,privado,1,1,1,3,4,3,2,4,3,2,3,4,3,5,3,2,4,3,4,1,1,3,1,3,2,1,1,1,3
421,mujer,15,cusco,colegio4,privado,2,4,2,3,1,3,4,3,4,2,3,5,5,5,3,4,2,3,5,2,4,4,5,3,4,3,4,4,3
422,mujer,15,cusco,colegio4,privado,2,2,2,3,2,3,3,3,2,2,1,2,2,3,3,2,2,3,3,2,1,2,3,3,3,2,3,2,1
423,mujer,15,cusco,colegio4,privado,2,3,1,3,2,3,2,3,1,2,3,4,4,5,4,4,4,3,4,3,2,2,4,2,2,3,3,3,2
424,mujer,15,cusco,colegio4,privado,2,3,2,3,3,3,2,3,2,2,3,3,4,4,4,3,4,3,4,2,4,5,5,4,3,4,4,4,4
425,mujer,15,cusco,colegio4,privado,3,4,3,4,4,5,3,4,2,3,4,5,5,5,5,5,4,4,5,2,4,3,4,2,3,3,5,4,1
426,mujer,15,cusco,colegio4,privado,3,3,2,2,1,2,2,3,1,2,2,3,3,4,3,2,2,3,2,1,3,2,1,1,1,1,1,2,2
427,mujer,15,cusco,colegio4,privado,3,2,2,2,2,3,3,3,3,3,3,2,2,3,4,4,3,2,3,3,1,2,2,4,2,2,3,3,3
428,mujer,15,cusco,colegio4,privado,3,2,4,3,2,4,2,3,4,2,2,3,5,3,3,4,3,3,4,3,4,4,3,4,5,2,4,2,3
429,mujer,15,cusco,colegio4,privado,3,3,3,4,4,4,2,4,2,2,4,3,3,4,3,4,4,4,4,4,4,4,5,4,3,4,4,3,3
430,mujer,15,cusco,colegio4,privado,3,3,1,3,4,3,2,3,1,3,3,4,4,4,4,4,3,4,3,2,2,3,4,3,3,2,2,4,3
431,mujer,15,cusco,colegio4,privado,3,1,1,1,3,1,2,3,1,2,3,4,5,5,3,4,4,3,5,1,3,4,5,3,2,3,4,4,5
432,mujer,15,cusco,colegio4,privado,3,3,3,3,4,3,3,3,4,3,4,4,4,4,3,4,3,3,3,4,5,3,4,2,3,4,3,3,4
433,mujer,15,cusco,colegio4,privado,4,3,3,1,3,4,1,4,3,3,2,3,4,4,2,3,3,3,4,2,5,3,5,5,3,2,5,3,3
434,mujer,15,cusco,colegio4,privado,4,3,3,4,3,4,5,4,4,4,4,4,5,4,3,5,4,3,4,2,5,5,5,3,3,3,4,4,4
435,mujer,15,cusco,colegio4,privado,4,3,3,4,2,3,2,2,2,3,3,4,4,4,3,3,3,2,3,2,4,5,4,2,4,3,4,3,4
436,mujer,15,cusco,colegio4,privado,4,3,4,5,5,5,3,4,4,4,5,4,4,5,5,4,4,4,5,4,5,5,5,5,4,4,5,5,5
437,mujer,15,cusco,colegio4,privado,4,3,2,3,4,4,2,3,2,2,3,5,4,5,3,5,4,2,4,4,5,4,5,3,3,3,4,2,5
438,mujer,15,cusco,colegio4,privado,4,3,4,5,4,5,3,4,3,3,5,4,5,5,4,5,5,5,5,1,5,5,5,5,4,4,3,4,5
439,mujer,15,cusco,colegio4,privado,4,3,2,2,3,4,2,3,3,2,4,3,3,4,3,4,4,3,3,2,4,4,4,4,4,3,3,2,3
440,mujer,15,cusco,colegio4,privado,4,4,2,4,4,4,3,4,4,4,4,5,5,5,5,5,5,4,5,5,4,3,5,4,4,5,4,5,5
441,mujer,15,cusco,colegio4,privado,4,3,4,4,3,3,4,4,3,4,4,4,4,5,4,4,4,4,4,2,4,4,5,5,5,5,5,5,5
442,mujer,15,cusco,colegio4,privado,4,4,4,4,4,5,4,5,3,4,4,4,5,5,4,4,4,3,5,4,3,4,5,3,4,4,4,4,4
443,mujer,15,cusco,colegio4,privado,5,3,2,5,3,5,2,2,5,5,5,4,4,3,3,4,5,5,4,3,3,4,5,3,4,4,4,3,4
444,mujer,16,cusco,colegio4,privado,1,4,1,4,3,4,3,4,2,3,4,3,4,4,4,4,4,4,4,4,2,1,5,1,5,4,4,4,1
445,mujer,16,cusco,colegio4,privado,2,2,1,2,2,2,1,2,1,2,2,3,2,2,2,1,1,3,4,2,4,3,2,2,3,2,1,3,2
446,mujer,16,cusco,colegio4,privado,3,3,1,3,3,3,2,5,2,2,3,4,4,4,4,5,3,2,3,4,5,5,5,4,2,4,4,4,5
447,mujer,16,cusco,colegio4,privado,3,5,1,4,2,2,1,2,2,4,1,2,4,1,3,1,2,5,2,3,3,3,5,2,3,2,3,3,3
448,mujer,16,cusco,colegio4,privado,3,3,3,3,3,3,4,4,3,3,3,4,4,4,4,4,3,2,3,3,5,4,4,4,4,3,4,4,4
449,mujer,16,cusco,colegio4,privado,3,2,3,2,4,4,3,3,4,4,3,4,4,3,3,3,3,3,3,3,3,4,4,4,4,4,4,4,3
450,mujer,16,cusco,colegio4,privado,3,4,2,4,4,4,1,3,3,2,3,3,4,5,4,4,4,4,5,4,4,2,5,3,2,2,1,3,4
451,mujer,16,cusco,colegio4,privado,3,4,2,3,3,4,2,4,2,2,3,4,4,3,3,5,3,3,5,3,5,5,3,3,3,3,4,1,2
452,mujer,16,cusco,colegio4,privado,4,4,4,3,3,4,3,4,5,4,3,4,5,5,4,3,3,4,5,4,4,4,5,4,3,4,4,4,5
453,mujer,16,cusco,colegio4,privado,4,4,2,4,3,4,1,4,4,4,5,5,4,4,4,5,5,4,5,3,5,5,5,5,5,4,5,3,5
454,mujer,16,cusco,colegio4,privado,4,4,3,4,5,5,2,4,3,3,4,3,4,4,4,5,3,3,5,4,4,5,5,5,4,5,3,2,5
455,mujer,16,cusco,colegio4,privado,4,4,3,3,4,3,1,4,2,3,4,4,4,3,3,5,3,4,5,2,5,5,5,4,3,3,4,3,5
456,mujer,16,cusco,colegio4,privado,4,1,1,3,4,5,1,3,1,2,4,4,4,4,5,4,4,4,4,5,4,4,4,4,4,2,4,5,4
457,mujer,16,cusco,colegio4,privado,4,4,4,4,4,4,4,4,4,3,4,4,3,4,3,3,4,4,4,4,4,4,3,4,3,4,4,3,3
458,mujer,16,cusco,colegio4,privado,4,3,3,4,2,3,2,3,2,3,3,4,4,3,3,4,3,2,4,3,2,1,5,2,3,1,1,2,1
459,mujer,16,cusco,colegio4,privado,4,4,4,4,4,4,4,3,3,3,4,4,4,4,4,4,4,4,4,4,5,5,5,4,4,3,4,4,4
460,mujer,16,cusco,colegio4,privado,5,4,4,4,3,4,3,4,3,4,4,4,5,5,5,4,4,4,4,4,5,5,5,3,3,5,2,4,5
461,mujer,17,cusco,colegio4,privado,3,4,5,4,4,3,1,5,3,4,5,4,3,4,5,5,4,3,4,3,4,4,5,3,4,4,3,3,4
462,mujer,17,cusco,colegio4,privado,4,4,3,3,1,3,2,4,2,4,4,4,5,5,3,5,3,3,5,3,1,2,5,2,2,3,3,3,3
463,mujer,17,cusco,colegio4,privado,4,3,3,3,4,4,2,4,3,4,5,4,5,2,3,5,4,3,5,3,4,4,5,2,2,4,2,4,4
464,mujer,17,cusco,colegio4,privado,4,3,3,5,4,4,3,5,2,4,4,5,5,5,5,4,4,2,5,2,3,4,5,2,4,4,4,4,4
465,mujer,17,cusco,colegio4,privado,4,3,2,3,2,4,2,2,2,2,3,4,4,4,3,4,4,4,5,4,4,4,3,2,3,2,3,3,4
466,hombre,15,lima,colegio5,privado,1,2,4,2,2,3,5,2,5,3,1,3,3,3,4,3,3,2,4,1,2,4,4,1,3,2,1,3,3
467,hombre,15,lima,colegio5,privado,1,4,3,4,4,3,4,5,3,2,5,4,3,1,2,3,3,5,5,3,3,2,4,3,2,4,4,4,4
468,hombre,15,lima,colegio5,privado,2,3,2,4,4,4,3,4,3,3,2,4,2,3,3,4,2,2,4,2,4,4,4,4,3,2,3,2,4
469,hombre,15,lima,colegio5,privado,2,3,2,2,3,4,2,2,1,2,2,4,5,4,3,4,3,4,4,2,1,3,4,2,2,4,2,3,3
470,hombre,15,lima,colegio5,privado,2,1,3,4,5,2,2,2,3,1,1,3,5,4,2,3,4,1,2,4,2,3,5,3,1,3,4,5,2
471,hombre,15,lima,colegio5,privado,2,2,2,1,4,4,4,4,3,3,3,3,4,4,2,3,3,3,3,3,1,1,3,3,2,2,2,2,1
472,hombre,15,lima,colegio5,privado,2,5,4,3,3,4,5,4,2,3,4,5,5,4,5,5,3,4,4,3,5,5,5,4,3,3,5,4,5
473,hombre,15,lima,colegio5,privado,2,2,1,2,1,5,1,4,1,1,3,4,4,4,4,5,4,4,5,1,5,2,4,2,2,2,3,3,2
474,hombre,15,lima,colegio5,privado,2,2,3,2,4,4,3,3,1,2,4,2,4,4,4,5,3,3,4,2,1,4,3,2,1,2,3,3,2
475,hombre,15,lima,colegio5,privado,3,4,2,3,4,4,4,4,3,2,4,4,4,4,4,4,4,4,4,3,3,4,2,4,4,4,3,3,2
476,hombre,15,lima,colegio5,privado,3,4,3,3,3,3,3,3,3,3,3,3,3,3,3,3,3,3,3,3,3,3,3,3,3,3,3,3,3
477,hombre,15,lima,colegio5,privado,3,3,1,4,2,4,5,2,2,2,4,4,4,3,4,4,1,3,4,2,5,4,4,3,2,3,2,4,2
478,hombre,15,lima,colegio5,privado,3,4,3,2,4,4,3,3,3,3,4,4,5,4,4,4,4,4,5,3,3,5,5,4,4,3,3,3,4
479,hombre,15,lima,colegio5,privado,3,4,2,3,4,3,3,3,3,2,2,3,2,3,4,4,3,4,3,2,3,4,4,2,4,2,3,3,2
480,hombre,15,lima,colegio5,privado,3,2,3,4,3,4,3,4,2,3,3,3,3,2,4,4,3,3,4,1,5,4,2,5,3,3,3,4,4
481,hombre,15,lima,colegio5,privado,3,5,3,5,5,5,5,5,1,3,5,5,5,5,5,5,5,5,5,5,5,5,5,5,3,5,5,5,5
482,hombre,15,lima,colegio5,privado,3,4,3,5,3,5,3,2,3,4,2,4,5,5,4,4,4,3,5,2,4,3,5,4,3,2,4,3,3
483,hombre,15,lima,colegio5,privado,3,2,2,3,2,2,3,3,3,3,3,3,4,4,3,3,4,3,4,4,3,4,4,1,3,4,4,3,2
484,hombre,15,lima,colegio5,privado,3,3,2,4,4,5,4,5,2,3,3,4,5,4,4,4,4,3,4,3,4,2,4,2,3,4,2,4,3
485,hombre,15,lima,colegio5,privado,3,5,1,4,5,4,5,4,3,3,4,3,5,5,4,5,5,4,5,3,5,5,5,5,3,5,5,5,5
486,hombre,15,lima,colegio5,privado,3,4,4,3,3,4,3,4,2,3,4,3,4,4,4,4,3,3,4,2,1,2,3,3,5,4,2,3,2
487,hombre,15,lima,colegio5,privado,3,2,4,3,4,3,3,3,1,4,3,4,5,4,4,4,4,3,3,1,4,4,3,3,2,4,3,4,4
488,hombre,15,lima,colegio5,privado,3,3,2,4,4,3,3,4,4,4,3,3,2,4,4,2,4,2,3,3,2,4,4,4,4,2,2,2,4
489,hombre,15,lima,colegio5,privado,3,4,4,4,4,3,3,3,4,4,4,3,4,3,3,4,4,3,3,3,4,5,4,3,3,3,3,3,3
490,hombre,15,lima,colegio5,privado,3,4,3,4,4,3,3,4,3,2,3,3,4,4,3,4,3,2,3,1,3,4,4,2,5,3,4,4,3
491,hombre,15,lima,colegio5,privado,3,3,2,3,4,4,2,5,1,1,2,4,3,2,4,5,2,2,4,2,3,2,4,1,2,3,3,3,3
492,hombre,15,lima,colegio5,privado,4,5,3,3,4,5,2,2,1,4,5,4,5,5,4,4,5,5,5,2,1,1,2,2,3,5,2,3,4
493,hombre,15,lima,colegio5,privado,4,4,4,4,4,4,3,5,4,4,3,5,3,3,5,5,4,5,4,5,4,4,4,5,4,4,3,3,5
494,hombre,15,lima,colegio5,privado,4,4,4,4,4,5,4,4,3,4,5,5,5,5,5,5,5,5,5,5,5,5,2,5,5,5,4,4,5
495,hombre,15,lima,colegio5,privado,4,5,3,5,5,5,4,4,4,4,4,4,4,4,4,4,4,4,4,4,4,4,4,3,4,4,3,4,4
496,hombre,15,lima,colegio5,privado,4,4,4,4,4,4,4,3,1,4,4,4,4,4,4,4,4,4,4,4,3,4,4,3,3,4,2,3,3
497,hombre,15,lima,colegio5,privado,4,5,2,3,5,4,4,4,3,2,5,4,5,5,4,4,3,2,4,3,5,5,5,4,5,4,3,3,4
498,hombre,15,lima,colegio5,privado,4,3,4,3,2,4,3,3,3,4,2,4,5,5,3,4,4,4,4,3,2,1,5,1,1,3,1,3,1
499,hombre,15,lima,colegio5,privado,4,5,3,4,4,3,3,2,5,3,4,4,3,2,4,2,4,5,3,5,2,2,4,1,3,3,3,4,4
500,hombre,15,lima,colegio5,privado,4,3,5,4,3,3,3,4,4,2,4,4,5,5,4,5,5,3,2,4,1,3,5,2,3,3,1,3,2
501,hombre,15,lima,colegio5,privado,4,5,3,4,5,4,4,4,2,3,3,4,4,3,4,3,2,4,4,3,3,4,3,3,1,4,4,3,3
502,hombre,15,lima,colegio5,privado,4,4,3,4,4,4,4,4,4,3,4,4,4,4,4,4,4,4,4,4,4,4,4,2,2,2,1,2,1
503,hombre,15,lima,colegio5,privado,5,2,1,3,2,3,3,3,1,2,3,3,4,3,3,3,4,3,4,1,4,3,2,3,3,3,3,3,3
504,hombre,16,lima,colegio5,privado,1,2,4,2,2,3,1,3,5,2,3,2,3,4,4,2,2,3,3,2,3,4,2,2,2,3,4,4,4
505,hombre,16,lima,colegio5,privado,1,2,1,2,3,2,3,2,1,1,2,3,4,3,3,3,3,3,4,4,3,2,5,2,2,2,2,3,2
506,hombre,16,lima,colegio5,privado,1,2,2,2,1,3,3,3,1,2,2,3,3,2,3,5,1,3,4,1,3,1,2,3,2,2,3,3,2
507,hombre,16,lima,colegio5,privado,2,3,3,2,3,4,4,4,2,4,2,3,2,4,3,5,3,2,3,1,1,1,4,1,1,1,1,1,1
508,hombre,16,lima,colegio5,privado,2,3,4,3,3,2,2,3,4,3,4,2,3,4,2,2,1,1,5,4,4,4,3,3,3,2,2,3,2
509,hombre,16,lima,colegio5,privado,2,2,3,2,3,3,3,3,2,2,2,2,3,4,2,3,3,3,3,2,3,3,4,2,3,2,2,3,3
510,hombre,16,lima,colegio5,privado,2,2,3,2,4,4,2,2,1,3,3,4,2,5,2,3,4,3,5,1,4,4,4,1,4,2,3,3,3
511,hombre,16,lima,colegio5,privado,3,3,3,4,4,5,4,5,3,4,3,2,4,4,4,5,4,2,4,3,4,5,5,5,4,4,4,5,4
512,hombre,16,lima,colegio5,privado,3,2,3,4,2,4,3,4,2,3,4,3,4,3,3,4,4,4,4,4,4,3,2,3,2,4,3,3,3
513,hombre,16,lima,colegio5,privado,3,3,3,4,4,3,4,5,5,3,2,3,3,3,3,3,2,3,3,2,5,3,5,4,3,4,3,3,4
514,hombre,16,lima,colegio5,privado,3,3,2,3,3,4,3,3,3,3,3,3,3,4,4,3,3,3,4,3,2,3,2,4,4,3,3,2,3
515,hombre,16,lima,colegio5,privado,3,2,2,3,1,4,4,5,1,2,3,3,1,4,3,4,3,3,4,5,5,2,5,4,3,3,2,4,3
516,hombre,16,lima,colegio5,privado,3,4,3,5,5,4,4,4,4,4,4,4,3,4,3,3,3,3,3,3,3,3,3,2,3,3,3,3,3
517,hombre,16,lima,colegio5,privado,3,4,4,3,3,4,3,4,3,2,5,4,4,4,4,3,2,3,4,4,5,5,5,5,4,5,4,3,3
518,hombre,16,lima,colegio5,privado,3,2,2,3,2,4,2,4,3,2,2,3,3,3,4,4,3,2,5,2,4,3,4,3,3,2,3,3,3
519,hombre,16,lima,colegio5,privado,3,3,2,4,4,1,2,3,2,4,3,4,4,4,4,4,5,3,5,3,5,4,3,3,4,4,4,3,5
520,hombre,16,lima,colegio5,privado,3,3,4,4,4,3,4,3,4,3,4,3,4,4,4,3,3,3,5,3,4,4,2,3,4,3,4,3,3
521,hombre,16,lima,colegio5,privado,3,3,3,4,2,3,4,3,1,2,3,3,3,4,4,4,3,3,4,2,4,4,5,5,3,4,3,2,3
522,hombre,16,lima,colegio5,privado,3,4,4,4,3,5,3,4,3,4,2,3,5,4,5,3,3,2,5,2,3,3,5,4,5,4,2,2,3
523,hombre,16,lima,colegio5,privado,3,4,4,4,4,4,3,4,4,4,4,4,4,4,4,4,4,4,4,4,3,4,4,1,4,4,4,4,3
524,hombre,16,lima,colegio5,privado,3,3,3,3,3,3,2,2,4,3,3,3,4,3,4,4,3,2,4,3,5,5,5,4,5,3,4,2,4
525,hombre,16,lima,colegio5,privado,4,4,4,4,3,4,3,3,2,4,4,4,5,4,4,3,5,4,4,4,4,5,3,3,3,2,4,4,2
526,hombre,16,lima,colegio5,privado,4,4,4,3,2,4,3,2,5,4,3,3,4,5,5,5,4,4,5,4,2,1,5,1,3,2,3,1,2
527,hombre,16,lima,colegio5,privado,4,3,4,3,3,3,4,4,2,4,3,3,3,4,3,3,3,3,4,3,5,4,5,3,4,3,4,4,4
528,hombre,16,lima,colegio5,privado,4,4,4,3,4,4,3,3,3,4,3,4,4,4,3,4,5,4,4,4,5,5,5,3,3,4,5,3,3
529,hombre,16,lima,colegio5,privado,4,4,4,3,2,4,2,3,3,4,4,4,4,5,5,4,4,4,5,4,4,4,5,4,3,3,3,3,4
530,hombre,16,lima,colegio5,privado,4,4,3,2,3,4,1,3,1,3,4,5,4,4,2,2,3,3,3,4,4,3,5,1,5,4,1,4,4
531,hombre,16,lima,colegio5,privado,4,4,4,4,4,4,4,4,3,5,5,5,4,5,4,4,5,4,5,5,5,3,4,5,5,5,3,5,2
532,hombre,16,lima,colegio5,privado,4,3,3,4,5,4,3,4,2,3,3,3,4,4,4,3,4,3,4,3,3,4,5,2,3,3,3,3,3
533,hombre,16,lima,colegio5,privado,4,4,3,4,5,4,5,4,4,2,4,4,4,5,4,4,3,4,5,3,4,3,5,4,2,4,4,3,3
534,hombre,16,lima,colegio5,privado,5,4,5,5,5,5,3,5,5,4,4,4,4,3,4,4,4,5,5,4,4,4,4,4,4,4,4,3,4
535,hombre,16,lima,colegio5,privado,5,5,3,4,5,4,4,5,5,4,5,4,5,4,5,4,5,5,5,5,2,5,5,5,4,5,5,4,4
536,hombre,17,lima,colegio5,privado,3,3,3,3,3,2,4,3,3,4,3,3,4,4,3,3,3,4,4,3,4,3,4,4,4,4,3,3,3
537,hombre,17,lima,colegio5,privado,3,2,2,3,3,4,1,2,2,4,1,2,3,4,4,2,2,1,3,3,1,1,2,3,3,3,1,1,2
538,hombre,17,lima,colegio5,privado,3,4,2,3,3,2,1,3,4,4,5,4,4,4,4,5,4,4,5,1,4,3,5,3,3,2,4,2,4
539,hombre,17,lima,colegio5,privado,4,5,4,5,4,4,3,5,5,4,4,4,4,4,4,5,4,4,5,4,5,5,5,5,5,5,5,4,5
540,mujer,15,lima,colegio5,privado,1,2,4,2,2,4,4,4,4,5,3,3,4,4,3,3,3,3,4,2,3,3,4,2,2,4,4,2,4
541,mujer,15,lima,colegio5,privado,2,5,2,5,4,4,5,5,4,2,5,5,5,5,5,5,2,3,5,1,5,5,5,3,5,4,3,4,3
542,mujer,15,lima,colegio5,privado,2,4,2,4,3,4,2,4,1,2,2,3,4,4,4,2,3,3,4,2,1,1,2,1,3,4,1,3,1
543,mujer,15,lima,colegio5,privado,2,3,2,2,4,3,4,4,2,2,3,2,4,4,4,3,3,3,4,1,5,4,3,4,4,3,2,4,5
544,mujer,15,lima,colegio5,privado,2,2,1,2,3,3,3,2,2,1,3,3,4,4,3,4,3,3,4,2,2,2,5,2,4,3,2,3,2
545,mujer,15,lima,colegio5,privado,2,3,2,4,3,4,5,4,4,3,3,3,3,3,3,3,4,4,3,4,3,4,3,4,3,3,4,3,4
546,mujer,15,lima,colegio5,privado,2,4,4,4,3,4,3,4,2,3,3,4,5,5,4,4,4,3,4,2,3,3,3,1,4,3,3,4,1
547,mujer,15,lima,colegio5,privado,2,3,1,1,2,4,1,5,2,2,3,3,3,3,5,4,2,2,3,1,5,5,5,3,3,2,1,3,5
548,mujer,15,lima,colegio5,privado,2,3,1,4,3,3,1,3,2,2,4,4,5,4,3,3,2,1,3,1,2,1,3,3,5,3,2,2,3
549,mujer,15,lima,colegio5,privado,2,4,2,3,4,4,3,3,3,4,4,5,5,5,4,4,3,4,5,1,5,5,5,1,2,3,3,4,5
550,mujer,15,lima,colegio5,privado,3,2,3,2,4,4,5,4,3,4,4,4,3,5,5,3,3,3,5,2,4,4,3,3,2,4,3,3,4
551,mujer,15,lima,colegio5,privado,3,3,2,3,3,4,4,4,3,3,4,3,4,4,3,4,3,3,4,3,3,4,3,2,1,3,3,3,4
552,mujer,15,lima,colegio5,privado,3,2,3,4,1,4,3,3,3,3,2,3,4,4,3,3,3,3,4,4,3,4,4,1,5,2,3,4,5
553,mujer,15,lima,colegio5,privado,3,4,3,4,3,4,4,3,4,4,2,4,4,5,4,4,3,3,4,1,5,5,5,3,4,3,3,4,4
554,mujer,15,lima,colegio5,privado,3,4,3,2,3,4,2,3,1,2,4,4,5,4,5,4,3,3,5,4,3,4,3,5,5,4,3,3,3
555,mujer,15,lima,colegio5,privado,3,4,4,4,4,4,3,4,5,3,5,5,5,5,3,5,4,3,4,4,5,5,2,3,3,4,3,4,5
556,mujer,15,lima,colegio5,privado,3,3,3,4,4,4,5,4,2,3,4,4,3,4,4,5,4,4,5,3,2,1,4,3,4,3,4,4,3
557,mujer,15,lima,colegio5,privado,3,2,2,3,1,4,1,3,2,3,3,3,4,4,3,5,1,1,4,1,4,4,3,4,3,3,2,3,4
558,mujer,15,lima,colegio5,privado,3,4,3,3,3,4,3,5,2,2,4,3,4,5,5,3,4,3,5,4,4,4,5,3,3,4,3,3,4
559,mujer,15,lima,colegio5,privado,3,3,3,5,3,4,4,3,2,3,3,4,5,5,5,5,5,3,3,1,3,3,2,2,5,2,1,4,2
560,mujer,15,lima,colegio5,privado,3,2,3,1,1,2,5,4,2,2,3,4,3,1,2,2,3,3,5,1,4,4,2,4,2,2,2,2,5
561,mujer,15,lima,colegio5,privado,3,4,5,4,4,4,3,4,4,2,4,5,5,5,4,3,3,3,4,2,3,4,5,3,3,3,3,4,4
562,mujer,15,lima,colegio5,privado,3,4,4,5,5,4,3,3,3,3,4,5,4,4,3,3,3,4,4,3,4,4,5,3,4,4,4,3,3
563,mujer,15,lima,colegio5,privado,3,3,4,4,3,2,3,2,3,4,3,3,5,4,3,4,3,3,4,3,5,4,4,4,2,2,3,3,4
564,mujer,15,lima,colegio5,privado,4,3,4,4,1,3,2,3,1,2,4,3,4,5,5,3,4,3,4,3,5,3,3,3,4,4,2,2,5
565,mujer,15,lima,colegio5,privado,4,3,4,5,4,5,4,4,3,4,3,5,5,4,4,5,4,4,5,5,5,4,5,4,3,5,5,5,3
566,mujer,15,lima,colegio5,privado,4,4,3,4,2,4,2,5,3,2,3,3,3,4,4,4,3,4,4,4,2,2,1,1,2,3,2,3,2
567,mujer,15,lima,colegio5,privado,4,5,4,4,4,4,2,4,4,4,3,4,5,4,4,5,4,4,4,4,4,3,5,3,3,4,4,3,4
568,mujer,15,lima,colegio5,privado,4,2,4,4,5,4,2,3,1,2,3,3,4,5,4,4,4,2,5,1,2,3,4,2,3,5,1,3,4
569,mujer,15,lima,colegio5,privado,4,3,5,2,2,4,2,3,1,4,3,3,4,4,3,4,4,3,4,4,5,3,4,2,4,3,3,4,3
570,mujer,15,lima,colegio5,privado,4,4,3,2,3,3,1,3,2,3,3,3,3,3,3,2,2,3,2,1,4,4,2,3,4,3,4,4,5
571,mujer,15,lima,colegio5,privado,4,4,5,2,4,4,3,4,3,3,4,4,5,4,4,4,4,4,3,3,5,4,4,3,2,3,4,4,5
572,mujer,15,lima,colegio5,privado,4,3,4,4,4,4,3,4,2,4,3,4,4,4,4,4,4,4,4,3,4,4,4,4,4,4,2,3,4
573,mujer,15,lima,colegio5,privado,4,4,4,4,5,4,4,4,4,4,4,5,5,5,5,5,5,5,5,4,5,3,5,5,5,4,4,3,4
574,mujer,15,lima,colegio5,privado,4,4,3,5,5,5,4,5,4,3,4,4,4,5,4,4,4,5,5,4,2,2,4,2,4,2,2,3,2
575,mujer,15,lima,colegio5,privado,4,4,3,5,5,4,4,5,4,3,4,3,5,4,3,5,4,4,5,2,4,5,5,3,4,3,4,5,5
576,mujer,15,lima,colegio5,privado,4,2,4,3,4,4,3,3,3,4,3,3,5,3,4,3,4,3,4,3,4,3,5,4,4,3,5,4,5
577,mujer,15,lima,colegio5,privado,5,4,2,5,5,5,5,5,5,5,5,5,5,5,5,5,5,5,5,1,5,5,5,3,2,5,5,5,5
578,mujer,15,lima,colegio5,privado,5,4,4,5,4,4,5,5,4,4,5,5,5,5,5,4,4,4,4,4,5,4,3,4,4,4,4,4,4
579,mujer,15,lima,colegio5,privado,5,4,3,3,3,5,5,5,5,5,5,5,4,3,5,4,4,2,5,2,5,5,5,5,5,2,5,5,5
580,mujer,15,lima,colegio5,privado,5,4,4,5,5,5,5,4,5,2,5,5,4,4,4,4,5,5,4,5,2,3,5,2,3,3,4,4,2
581,mujer,16,lima,colegio5,privado,1,2,2,2,3,1,3,4,4,4,4,3,4,4,4,3,4,4,3,3,3,4,4,1,4,2,4,4,4
582,mujer,16,lima,colegio5,privado,2,3,1,2,4,5,3,2,1,2,5,5,5,4,4,4,2,2,5,1,2,1,3,1,2,2,1,5,1
583,mujer,16,lima,colegio5,privado,2,2,2,3,3,2,2,2,1,2,2,3,2,4,4,4,3,2,4,2,4,2,3,4,3,2,2,2,2
584,mujer,16,lima,colegio5,privado,2,3,2,4,2,3,2,3,3,3,3,3,4,3,4,3,3,2,5,1,5,4,5,5,5,3,5,5,3
585,mujer,16,lima,colegio5,privado,2,3,3,3,1,3,2,2,2,3,2,3,3,4,2,2,1,4,5,1,5,5,4,4,3,3,4,3,5
586,mujer,16,lima,colegio5,privado,2,2,2,5,1,2,1,1,5,1,1,3,4,5,4,1,3,1,2,2,1,2,2,5,2,1,3,4,3
587,mujer,16,lima,colegio5,privado,2,3,2,1,1,4,1,2,1,2,2,4,3,4,5,4,4,4,5,1,5,2,4,4,4,2,5,1,5
588,mujer,16,lima,colegio5,privado,2,4,4,2,3,4,2,3,4,4,3,3,4,3,3,2,3,2,3,4,1,1,2,4,3,4,1,1,4
589,mujer,16,lima,colegio5,privado,2,3,3,4,2,4,2,2,2,2,3,4,4,4,4,4,4,4,4,3,4,3,2,3,3,3,3,3,3
590,mujer,16,lima,colegio5,privado,2,3,2,2,1,4,1,4,1,1,2,3,3,3,3,1,3,1,4,1,4,2,5,2,3,2,2,4,1
591,mujer,16,lima,colegio5,privado,3,4,2,3,2,4,1,2,1,4,4,4,4,5,4,3,2,2,4,3,4,4,4,4,4,3,2,3,4
592,mujer,16,lima,colegio5,privado,3,4,2,3,1,3,2,2,1,2,3,4,4,4,3,4,3,2,5,2,1,1,2,1,1,1,1,2,1
593,mujer,16,lima,colegio5,privado,3,3,2,3,3,4,3,4,2,3,3,4,5,4,4,4,3,3,4,1,4,3,4,3,3,3,2,2,3
594,mujer,16,lima,colegio5,privado,3,4,4,4,3,5,5,4,4,4,4,4,4,5,4,4,3,4,5,3,3,3,5,4,2,4,2,3,5
595,mujer,16,lima,colegio5,privado,3,4,4,5,3,3,4,3,1,3,4,3,4,4,4,4,3,4,5,1,5,3,5,2,3,2,1,3,1
596,mujer,16,lima,colegio5,privado,3,2,3,4,4,4,2,4,4,3,3,4,3,3,3,4,3,3,3,3,4,3,4,3,5,2,3,3,3
597,mujer,16,lima,colegio5,privado,3,3,3,4,4,4,3,4,2,3,4,4,3,4,4,5,4,3,4,3,4,5,4,4,4,4,4,5,5
598,mujer,16,lima,colegio5,privado,3,4,3,4,4,3,2,4,5,4,3,4,3,5,4,4,3,4,5,1,4,4,5,3,3,3,3,2,3
599,mujer,16,lima,colegio5,privado,3,2,1,4,3,3,2,3,1,4,2,3,4,4,2,4,2,1,4,1,5,5,5,4,3,4,4,3,5
600,mujer,16,lima,colegio5,privado,3,3,2,3,4,3,2,4,2,3,4,3,3,3,4,4,4,3,5,3,5,5,4,3,5,5,4,4,5
601,mujer,16,lima,colegio5,privado,3,4,4,4,3,4,3,4,4,4,4,3,4,5,4,5,4,4,5,3,4,5,1,3,4,5,3,4,5
602,mujer,16,lima,colegio5,privado,3,5,4,3,4,5,4,5,5,3,3,3,4,4,4,5,4,3,4,4,3,5,5,4,2,4,3,4,4
603,mujer,16,lima,colegio5,privado,3,4,4,5,3,4,2,5,2,3,4,5,4,5,5,5,4,3,4,4,3,3,5,4,4,4,2,2,5
604,mujer,16,lima,colegio5,privado,3,5,5,5,3,5,5,5,4,4,4,5,4,5,5,4,4,4,5,4,4,3,5,1,1,3,2,2,1
605,mujer,16,lima,colegio5,privado,4,4,4,4,5,3,3,4,4,3,3,3,3,4,4,3,3,3,4,2,4,4,5,4,4,4,4,3,5
606,mujer,16,lima,colegio5,privado,4,4,3,5,3,5,5,3,2,2,5,5,4,5,5,5,5,5,4,5,3,3,5,3,5,5,2,3,5
607,mujer,16,lima,colegio5,privado,4,4,3,3,3,4,4,4,2,4,3,3,4,4,4,4,4,4,4,4,4,4,3,4,3,3,4,4,4
608,mujer,16,lima,colegio5,privado,4,3,4,4,3,4,3,4,3,3,3,3,4,4,3,3,2,4,5,1,5,3,5,5,2,4,5,5,5
609,mujer,16,lima,colegio5,privado,4,4,4,4,4,4,3,4,3,4,4,4,4,4,4,4,4,4,4,3,3,3,2,2,3,4,3,4,2
610,mujer,16,lima,colegio5,privado,4,4,5,3,4,4,5,5,5,5,4,5,5,4,3,5,5,5,5,2,4,5,5,3,4,3,4,5,4
611,mujer,16,lima,colegio5,privado,4,4,4,5,4,4,3,4,4,4,5,4,4,5,3,4,4,3,5,3,4,5,5,2,4,3,3,4,5
612,mujer,16,lima,colegio5,privado,4,4,4,4,4,4,4,5,3,4,4,5,4,5,3,4,4,4,4,5,5,4,3,5,5,4,4,5,2
613,mujer,16,lima,colegio5,privado,4,2,3,4,3,4,2,3,2,3,3,3,4,4,4,4,4,2,4,2,5,5,4,5,2,3,5,3,2
614,mujer,16,lima,colegio5,privado,4,2,4,4,5,3,2,3,1,4,4,3,3,3,3,4,4,3,4,3,5,5,4,4,5,3,4,4,4
615,mujer,16,lima,colegio5,privado,5,5,5,4,4,4,2,5,4,5,3,5,4,4,5,5,3,3,4,1,3,3,4,4,2,3,1,5,3
616,mujer,16,lima,colegio5,privado,5,4,4,5,5,5,4,4,4,4,4,4,5,4,5,5,5,4,5,4,2,2,2,3,4,3,4,3,3
617,mujer,17,lima,colegio5,privado,3,3,2,3,4,3,3,2,4,2,2,2,2,4,2,3,3,2,4,3,5,5,5,4,5,4,3,3,5
618,mujer,17,lima,colegio5,privado,3,3,2,4,2,4,2,3,4,4,2,3,4,4,3,4,4,4,4,4,5,5,5,5,5,4,3,5,4
619,mujer,17,lima,colegio5,privado,4,3,4,4,3,4,2,4,4,4,3,4,4,4,4,3,3,3,4,4,5,4,4,4,3,4,3,3,4
620,mujer,17,lima,colegio5,privado,5,4,4,4,5,4,2,3,1,4,4,4,4,5,4,3,3,5,5,1,3,1,5,1,2,1,1,2,2
621,hombre,14,cusco,colegio6,publico,3,4,3,3,2,5,3,4,1,1,3,4,3,5,4,3,2,4,5,1,5,5,5,2,3,5,5,5,5
622,hombre,15,cusco,colegio6,publico,2,2,3,2,3,3,3,3,1,2,3,5,5,4,4,4,4,4,4,3,1,2,1,4,3,2,4,3,1
623,hombre,15,cusco,colegio6,publico,2,3,3,2,4,3,3,3,3,3,3,3,5,4,4,3,3,3,4,4,3,5,4,2,3,5,4,4,5
624,hombre,15,cusco,colegio6,publico,2,4,2,2,5,4,5,4,2,2,3,4,4,4,4,4,2,3,3,3,1,2,1,4,3,2,2,2,1
625,hombre,15,cusco,colegio6,publico,2,2,2,1,4,3,1,3,1,2,2,3,4,3,2,3,3,4,5,3,1,1,5,2,1,2,2,2,1
626,hombre,15,cusco,colegio6,publico,3,3,2,3,2,2,2,3,2,3,2,3,4,4,4,3,4,2,3,2,1,1,2,1,3,2,1,3,1
627,hombre,15,cusco,colegio6,publico,3,3,4,4,5,3,1,4,1,4,3,3,5,4,3,3,4,4,4,1,4,3,2,4,1,3,4,1,4
628,hombre,15,cusco,colegio6,publico,3,3,3,4,2,3,3,4,4,3,3,3,4,3,3,3,3,3,3,2,2,2,2,4,2,1,1,1,1
629,hombre,15,cusco,colegio6,publico,3,4,2,2,4,4,1,2,1,2,5,5,5,5,4,3,3,1,1,1,1,2,1,1,1,2,2,3,1
630,hombre,15,cusco,colegio6,publico,3,2,1,1,2,2,2,3,1,1,4,3,3,3,3,3,4,2,2,3,4,1,2,2,3,3,1,2,1
631,hombre,15,cusco,colegio6,publico,4,4,4,5,4,5,4,3,4,5,5,3,3,4,4,3,5,5,3,4,2,3,5,4,4,3,5,2,3
632,hombre,15,cusco,colegio6,publico,4,4,4,5,4,5,4,4,5,5,5,4,5,5,5,4,5,5,5,3,3,4,2,3,3,4,5,4,4
633,hombre,15,cusco,colegio6,publico,4,4,4,4,5,5,5,4,4,4,3,4,5,4,5,5,4,5,4,1,1,2,4,5,5,4,1,3,5
634,hombre,15,cusco,colegio6,publico,4,3,3,2,3,3,2,2,2,4,3,5,5,4,4,2,2,3,4,2,1,1,2,5,2,2,1,2,3
635,hombre,15,cusco,colegio6,publico,4,4,3,4,2,4,2,1,1,3,3,5,3,3,4,4,4,3,2,4,3,2,5,3,3,3,4,2,3
636,hombre,16,cusco,colegio6,publico,2,2,2,4,1,4,4,4,3,1,2,4,3,2,3,3,3,4,4,3,3,3,3,3,1,3,3,3,3
637,hombre,16,cusco,colegio6,publico,2,3,2,1,3,4,2,4,1,1,2,3,2,5,2,4,4,5,5,1,2,2,1,3,2,2,2,3,2
638,hombre,16,cusco,colegio6,publico,2,3,3,2,2,2,2,4,2,4,3,3,2,2,2,3,3,2,2,3,2,3,3,3,2,3,3,2,2
639,hombre,16,cusco,colegio6,publico,2,4,2,4,4,3,4,5,2,4,2,2,5,4,2,4,4,3,5,4,4,5,3,2,2,4,1,4,4
640,hombre,16,cusco,colegio6,publico,3,3,3,4,5,5,5,5,4,4,2,3,5,5,4,5,3,4,5,4,1,2,3,3,2,4,4,3,2
641,hombre,16,cusco,colegio6,publico,3,3,3,2,3,4,2,3,1,3,5,4,4,3,3,5,3,3,2,3,4,3,3,4,4,3,4,3,5
642,hombre,16,cusco,colegio6,publico,3,4,3,4,4,4,2,4,3,4,5,4,5,5,4,4,5,4,5,3,2,4,2,2,2,4,3,3,4
643,hombre,16,cusco,colegio6,publico,3,4,3,4,4,4,3,4,3,4,4,3,4,4,3,4,4,3,3,3,3,4,5,4,4,3,4,4,4
644,hombre,18,cusco,colegio6,publico,3,4,4,4,4,4,4,3,4,4,4,3,4,4,4,4,3,4,4,3,3,4,4,3,4,4,3,4,3
645,mujer,15,cusco,colegio6,publico,2,2,2,2,1,3,3,1,3,3,3,1,4,4,4,3,3,2,3,2,2,1,1,1,1,1,1,4,2
646,mujer,15,cusco,colegio6,publico,2,4,2,4,4,4,4,5,4,4,4,4,4,5,4,5,5,4,4,4,4,4,4,5,4,4,4,4,4
647,mujer,15,cusco,colegio6,publico,2,2,3,3,2,2,1,4,2,2,2,2,2,3,4,2,1,4,4,4,2,3,4,4,4,3,3,4,5
648,mujer,15,cusco,colegio6,publico,2,4,3,5,4,3,3,3,3,3,3,3,3,3,4,3,4,3,3,4,2,3,5,3,5,3,2,2,3
649,mujer,15,cusco,colegio6,publico,2,1,2,2,3,3,2,3,3,2,3,2,2,5,4,4,4,3,4,2,1,3,5,1,2,3,2,2,1
650,mujer,15,cusco,colegio6,publico,3,3,3,4,3,4,3,4,4,3,3,3,4,4,2,3,4,3,4,2,2,2,4,3,2,3,3,3,2
651,mujer,15,cusco,colegio6,publico,3,3,3,3,5,3,2,3,4,3,3,2,3,3,3,4,3,3,3,3,4,3,5,1,3,3,3,3,3
652,mujer,15,cusco,colegio6,publico,3,4,3,2,4,4,2,3,2,3,4,3,4,3,4,4,4,4,4,3,3,3,4,3,2,3,3,3,3
653,mujer,15,cusco,colegio6,publico,3,3,2,4,4,4,1,4,4,3,3,3,4,4,4,4,3,3,4,3,2,4,2,1,2,2,1,3,3
654,mujer,15,cusco,colegio6,publico,3,3,2,4,3,5,1,4,1,3,2,3,4,3,5,4,4,3,2,2,3,2,4,2,2,4,3,4,4
655,mujer,15,cusco,colegio6,publico,4,4,4,4,5,4,3,4,3,4,4,4,4,4,5,4,4,4,4,1,3,4,4,2,3,2,2,4,4
656,mujer,15,cusco,colegio6,publico,4,5,2,5,4,3,5,4,3,3,4,3,4,5,3,5,3,3,4,2,2,2,3,3,2,3,2,2,2
657,mujer,15,cusco,colegio6,publico,4,5,4,3,4,4,4,3,4,4,3,4,4,4,4,4,4,3,4,3,3,3,2,2,4,4,3,4,4
658,mujer,15,cusco,colegio6,publico,4,4,4,4,3,4,2,3,4,4,3,4,4,3,4,3,4,4,4,2,3,4,4,2,3,4,4,5,4
659,mujer,15,cusco,colegio6,publico,5,5,5,5,5,5,5,5,5,5,5,5,2,2,2,5,5,5,5,5,2,5,5,5,2,5,5,5,2
660,mujer,16,cusco,colegio6,publico,2,3,2,3,4,4,2,3,1,2,3,3,4,3,3,4,3,3,4,4,4,4,5,4,3,3,3,3,4
661,mujer,16,cusco,colegio6,publico,2,3,2,4,4,3,3,2,2,3,4,4,4,3,4,4,4,4,4,1,4,4,1,5,5,4,3,4,4
662,mujer,16,cusco,colegio6,publico,2,3,3,3,3,4,3,3,4,3,3,3,3,4,4,3,3,3,3,2,5,4,3,5,3,3,4,3,5
663,mujer,16,cusco,colegio6,publico,3,3,3,5,5,2,2,2,1,3,2,1,5,5,5,3,3,3,5,1,4,5,2,3,2,3,3,2,1
664,mujer,16,cusco,colegio6,publico,3,3,2,4,3,3,3,3,2,4,3,3,4,4,3,4,4,3,3,3,3,3,4,3,3,3,3,3,3
665,mujer,16,cusco,colegio6,publico,3,2,3,2,2,2,1,3,2,4,3,2,2,2,1,1,2,3,3,2,3,2,2,3,3,2,2,3,2
666,mujer,16,cusco,colegio6,publico,3,2,2,5,5,5,2,3,5,5,3,2,4,5,5,5,5,5,5,5,2,4,2,1,5,4,5,2,2
667,mujer,16,cusco,colegio6,publico,3,4,3,5,4,3,2,3,3,4,2,3,4,3,3,4,3,3,5,2,3,3,5,2,3,3,2,4,4
668,mujer,16,cusco,colegio6,publico,3,4,3,5,4,4,1,5,5,3,5,5,5,5,4,5,3,3,3,3,5,5,5,3,5,3,5,5,5
669,mujer,16,cusco,colegio6,publico,3,3,2,3,4,4,2,3,2,2,4,3,4,4,4,4,4,3,4,4,4,4,3,3,3,4,3,3,4
670,mujer,16,cusco,colegio6,publico,3,4,2,2,3,3,1,4,1,2,3,3,5,5,3,3,2,4,5,1,5,2,5,5,3,5,3,3,4
671,mujer,16,cusco,colegio6,publico,4,5,4,4,4,4,3,3,3,4,4,4,4,4,4,4,4,4,4,3,3,4,3,3,5,4,4,2,3
672,mujer,16,cusco,colegio6,publico,4,3,4,4,4,4,4,4,4,4,4,4,4,4,4,4,4,3,4,1,4,3,3,4,4,2,3,2,2
673,mujer,16,cusco,colegio6,publico,5,4,3,4,4,5,2,4,2,3,5,5,4,4,4,5,4,4,4,3,2,3,2,2,2,3,3,4,2
674,mujer,17,cusco,colegio6,publico,3,3,4,4,4,4,4,4,3,3,2,3,3,3,3,4,4,3,3,3,3,4,4,3,4,3,3,4,4
675,mujer,17,cusco,colegio6,publico,3,5,2,2,3,3,3,3,2,2,2,3,3,3,3,3,3,2,3,2,4,3,2,5,4,3,3,3,3
676,mujer,17,cusco,colegio6,publico,4,5,3,4,4,4,4,5,4,5,3,3,4,4,4,3,4,4,4,2,3,4,2,4,4,4,4,4,3
677,hombre,15,lima,colegio7,publico,1,2,1,1,1,1,3,2,1,2,1,1,1,1,1,2,2,3,3,2,2,2,2,2,2,3,1,1,1
678,hombre,15,lima,colegio7,publico,2,4,3,2,2,3,2,3,1,2,3,2,3,3,2,3,4,2,2,4,2,2,4,2,3,4,2,3,2
679,hombre,15,lima,colegio7,publico,2,2,1,1,2,3,1,2,1,2,4,1,1,2,3,1,1,4,5,2,1,1,1,1,1,2,1,4,1
680,hombre,15,lima,colegio7,publico,2,5,5,4,4,4,5,4,5,3,3,3,3,2,4,4,3,4,5,1,1,4,2,1,3,5,3,4,3
681,hombre,15,lima,colegio7,publico,2,2,2,4,2,2,2,2,2,2,2,2,2,2,2,2,2,2,2,2,2,2,2,2,2,2,2,2,2
682,hombre,15,lima,colegio7,publico,3,3,3,2,3,4,1,2,3,3,3,3,4,3,3,4,4,3,4,3,1,2,1,2,1,2,3,3,3
683,hombre,15,lima,colegio7,publico,3,3,4,3,5,5,1,4,1,5,4,3,4,4,4,4,3,4,4,1,3,3,5,1,1,3,5,3,2
684,hombre,15,lima,colegio7,publico,3,3,3,4,4,3,3,3,3,4,3,3,4,3,3,4,4,4,4,4,3,3,3,4,3,4,3,4,3
685,hombre,15,lima,colegio7,publico,3,3,5,2,5,5,5,5,5,3,1,1,3,2,1,5,3,5,5,4,1,1,3,3,4,4,4,4,4
686,hombre,15,lima,colegio7,publico,3,4,5,4,4,4,2,4,2,4,4,5,4,3,5,3,2,4,5,5,2,2,3,5,5,4,4,4,3
687,hombre,15,lima,colegio7,publico,3,2,1,4,3,5,3,2,1,2,1,3,4,3,5,5,5,3,4,1,2,1,3,1,2,2,3,5,1
688,hombre,15,lima,colegio7,publico,3,4,4,4,4,4,4,4,4,4,4,4,3,4,4,3,2,4,4,3,3,4,4,4,3,3,4,4,4
689,hombre,15,lima,colegio7,publico,3,4,4,4,3,4,3,4,4,5,2,4,4,3,3,4,4,4,4,4,5,4,4,2,5,5,4,3,4
690,hombre,15,lima,colegio7,publico,3,4,4,4,4,2,4,2,3,3,3,5,5,4,5,5,5,3,5,2,5,4,5,5,4,5,5,5,5
691,hombre,15,lima,colegio7,publico,4,4,4,4,4,4,3,3,3,4,4,4,4,4,4,4,4,4,4,2,4,4,4,4,3,4,4,4,2
692,hombre,15,lima,colegio7,publico,4,4,4,4,4,5,3,4,1,3,3,4,4,3,3,4,4,3,4,1,4,2,5,2,2,3,3,3,2
693,hombre,15,lima,colegio7,publico,4,4,4,5,3,4,3,4,2,4,4,3,5,4,4,4,4,4,4,3,5,5,4,5,3,3,3,4,3
694,hombre,15,lima,colegio7,publico,4,4,1,5,3,5,3,4,5,3,4,3,4,3,4,5,3,4,5,2,4,5,1,1,4,2,4,5,3
695,hombre,15,lima,colegio7,publico,4,5,1,4,3,4,1,4,1,4,4,3,4,5,4,4,3,2,5,4,5,5,4,3,3,4,5,4,4
696,hombre,15,lima,colegio7,publico,4,4,3,3,4,5,4,5,4,4,4,4,4,4,4,4,4,4,5,4,5,5,5,3,3,5,5,5,5
697,hombre,15,lima,colegio7,publico,5,3,4,4,5,5,4,4,4,4,4,5,4,4,4,3,3,3,3,3,3,3,3,3,4,4,4,3,3
698,hombre,15,lima,colegio7,publico,5,5,4,5,5,5,4,4,4,5,4,4,5,5,5,5,5,4,4,4,3,4,4,4,4,4,4,5,5
699,hombre,15,lima,colegio7,publico,5,4,2,5,5,5,3,4,5,5,2,2,2,4,3,5,5,2,2,5,2,2,3,1,3,4,5,3,5
700,hombre,16,lima,colegio7,publico,1,1,1,2,3,3,3,3,2,1,2,3,3,3,2,3,3,3,3,1,2,2,3,4,3,3,2,2,2
701,hombre,16,lima,colegio7,publico,1,1,2,1,4,4,2,2,3,1,2,4,5,1,3,4,3,5,4,4,1,1,5,1,1,1,3,4,1
702,hombre,16,lima,colegio7,publico,2,1,1,4,3,4,3,5,4,3,2,4,4,5,3,2,3,3,5,1,4,5,1,2,2,4,4,4,3
703,hombre,16,lima,colegio7,publico,2,2,2,2,4,2,2,2,2,2,2,2,3,3,3,2,3,3,4,2,4,4,3,3,3,3,3,3,3
704,hombre,16,lima,colegio7,publico,2,4,2,2,4,2,3,1,1,2,1,3,4,3,2,3,3,3,3,3,1,3,2,3,1,2,2,2,2
705,hombre,16,lima,colegio7,publico,2,3,1,4,3,3,1,4,2,2,3,4,4,4,3,4,3,4,4,2,2,2,1,1,1,3,2,3,1
706,hombre,16,lima,colegio7,publico,2,3,1,2,3,4,4,3,2,3,2,4,4,4,3,5,4,4,4,3,2,1,3,4,5,3,2,3,1
707,hombre,16,lima,colegio7,publico,2,5,1,5,4,4,4,5,5,5,5,5,5,5,5,5,5,5,5,5,5,5,5,5,5,5,5,5,5
708,hombre,16,lima,colegio7,publico,3,4,4,3,4,4,2,3,3,3,3,4,3,2,3,2,3,2,3,4,3,5,5,4,2,4,5,3,3
709,hombre,16,lima,colegio7,publico,3,4,2,4,4,4,2,2,4,2,4,3,3,4,4,4,3,4,4,4,4,1,4,3,3,3,2,3,2
710,hombre,16,lima,colegio7,publico,3,3,3,4,4,4,4,4,2,4,3,2,3,3,4,3,3,3,5,2,3,4,3,2,2,3,4,3,3
711,hombre,16,lima,colegio7,publico,3,2,1,2,3,3,2,2,1,1,2,2,3,3,3,1,2,2,2,2,2,1,2,2,2,2,2,2,3
712,hombre,16,lima,colegio7,publico,4,4,4,4,4,4,4,4,4,4,4,4,4,4,4,4,4,4,4,4,4,4,4,4,4,4,4,4,4
713,hombre,16,lima,colegio7,publico,4,4,3,3,5,5,4,4,3,4,3,5,4,4,5,4,2,5,4,4,3,4,4,2,5,4,3,3,2
714,hombre,16,lima,colegio7,publico,4,3,4,4,4,4,2,3,3,3,4,4,4,4,4,3,3,4,4,2,4,4,4,2,4,4,4,3,4
715,hombre,16,lima,colegio7,publico,4,5,5,5,5,5,5,4,3,4,5,4,5,5,5,5,5,5,5,5,5,5,5,5,3,5,5,5,5
716,hombre,16,lima,colegio7,publico,4,4,3,3,4,4,4,4,3,3,4,3,5,5,4,4,4,4,5,2,4,4,4,4,4,4,3,2,3
717,hombre,16,lima,colegio7,publico,4,4,5,4,4,4,4,4,4,4,5,4,4,3,4,5,4,4,4,3,3,4,5,5,4,4,4,3,3
718,hombre,16,lima,colegio7,publico,5,5,5,5,1,5,5,5,1,5,5,5,5,1,1,5,5,5,5,1,5,1,5,1,1,2,1,1,1
719,hombre,16,lima,colegio7,publico,5,4,4,4,4,4,4,4,4,4,5,4,5,4,4,4,4,4,4,4,3,3,4,4,3,4,4,4,4
720,hombre,17,lima,colegio7,publico,3,1,1,2,2,2,2,2,1,1,1,1,3,3,3,2,3,1,4,2,2,1,5,2,1,1,1,1,4
721,hombre,17,lima,colegio7,publico,3,4,4,5,4,5,3,3,2,3,4,5,5,5,4,3,5,4,5,1,3,5,4,2,2,5,2,2,3
722,hombre,17,lima,colegio7,publico,3,3,3,3,3,3,3,3,3,3,3,3,3,3,3,3,3,3,3,3,3,3,4,3,3,3,3,3,3
723,hombre,17,lima,colegio7,publico,3,4,3,4,4,4,5,4,2,4,4,3,4,4,4,4,4,4,4,4,4,5,5,4,3,4,5,4,4
724,hombre,17,lima,colegio7,publico,4,2,4,5,4,4,3,4,2,1,2,3,4,3,3,5,2,4,3,3,2,1,5,1,2,4,4,3,2
725,hombre,17,lima,colegio7,publico,4,4,4,3,3,4,2,4,4,4,4,3,5,4,3,5,3,4,5,3,3,4,1,3,4,4,3,3,3
726,hombre,17,lima,colegio7,publico,4,3,3,3,3,3,2,3,4,3,3,3,4,3,5,3,3,3,3,3,3,4,5,3,3,3,3,3,3
727,hombre,17,lima,colegio7,publico,5,5,5,5,4,4,4,3,3,4,5,5,4,4,4,5,3,4,5,1,5,5,5,5,4,5,5,5,5
728,hombre,18,lima,colegio7,publico,4,4,3,4,4,4,4,4,4,4,4,4,4,4,4,4,4,4,5,2,3,3,4,4,4,4,4,4,4
729,mujer,15,lima,colegio7,publico,1,4,1,1,1,1,1,1,1,1,1,1,1,4,5,2,1,2,1,1,5,1,1,5,1,1,2,5,5
730,mujer,15,lima,colegio7,publico,1,5,5,1,5,5,5,5,5,5,5,4,5,5,5,5,5,5,5,2,5,5,5,5,2,5,5,5,5
731,mujer,15,lima,colegio7,publico,2,2,2,3,3,3,1,3,4,1,3,3,4,3,4,3,3,5,4,3,3,1,5,2,1,2,1,3,3
732,mujer,15,lima,colegio7,publico,2,4,4,3,4,4,4,5,5,4,2,3,4,5,2,2,3,4,5,3,3,1,1,1,2,4,5,4,4
733,mujer,15,lima,colegio7,publico,3,5,2,3,4,4,3,3,3,1,3,4,3,5,4,5,5,4,4,1,5,5,1,3,4,3,5,5,5
734,mujer,15,lima,colegio7,publico,3,4,3,4,4,4,4,4,3,3,4,4,4,4,4,4,4,4,5,2,5,4,4,4,5,4,4,4,4
735,mujer,15,lima,colegio7,publico,4,3,3,4,3,4,3,3,2,3,4,4,4,5,4,4,4,4,4,3,4,3,2,1,1,3,2,3,3
736,mujer,15,lima,colegio7,publico,4,3,5,2,4,5,5,5,4,4,4,3,5,5,4,4,3,5,4,4,3,3,5,2,2,5,3,1,3
737,mujer,15,lima,colegio7,publico,4,3,4,4,4,5,3,2,4,4,4,5,5,5,5,4,5,4,4,4,5,5,5,3,5,5,3,5,5
738,mujer,15,lima,colegio7,publico,4,4,4,3,5,3,1,2,1,4,3,3,5,4,4,5,5,5,5,3,2,2,5,2,2,3,2,3,2
739,mujer,15,lima,colegio7,publico,4,4,3,4,4,4,4,4,4,4,4,4,5,5,4,4,4,4,4,4,4,4,4,4,2,4,5,4,4
740,mujer,15,lima,colegio7,publico,5,5,5,5,5,5,5,5,5,5,5,5,5,5,5,5,5,5,5,5,5,5,5,1,5,5,5,5,5
741,mujer,15,lima,colegio7,publico,5,4,3,4,4,5,5,5,1,3,4,5,4,4,4,5,5,5,5,2,5,5,4,2,2,2,2,5,5
742,mujer,16,lima,colegio7,publico,1,2,2,1,5,5,5,2,2,3,3,5,5,5,5,3,2,2,5,2,2,5,2,2,1,2,1,2,2
743,mujer,16,lima,colegio7,publico,2,4,2,3,3,4,3,4,3,4,3,3,3,3,4,3,3,4,4,4,2,3,3,4,2,4,2,4,2
744,mujer,16,lima,colegio7,publico,2,2,5,2,4,5,1,3,2,5,5,4,4,4,4,4,5,4,5,3,5,5,5,5,4,5,5,5,5
745,mujer,16,lima,colegio7,publico,2,2,3,2,4,4,2,2,2,3,3,3,3,4,4,2,2,3,5,3,2,2,3,2,2,2,1,2,3
746,mujer,16,lima,colegio7,publico,3,2,1,2,3,4,3,2,1,2,3,5,4,5,4,3,3,3,4,2,3,2,3,2,2,3,3,4,3
747,mujer,16,lima,colegio7,publico,3,3,3,3,4,4,2,2,3,3,3,3,4,4,3,4,4,4,5,3,5,5,5,5,4,5,5,5,5
748,mujer,16,lima,colegio7,publico,3,4,5,5,5,5,5,5,4,5,5,5,5,5,5,3,4,3,4,1,3,4,5,4,3,4,4,4,4
749,mujer,16,lima,colegio7,publico,3,3,2,2,3,4,3,1,1,1,4,3,4,4,4,5,4,3,3,1,1,1,5,1,1,1,1,1,1
750,mujer,16,lima,colegio7,publico,3,2,2,2,3,3,2,3,2,3,4,3,4,3,3,3,2,3,5,1,1,1,5,3,1,3,4,3,1
751,mujer,16,lima,colegio7,publico,3,3,3,4,5,4,3,3,2,3,3,3,5,4,4,4,3,2,4,2,4,5,3,3,3,4,4,4,4
752,mujer,16,lima,colegio7,publico,3,3,2,2,4,4,3,3,2,2,3,2,2,4,3,3,3,3,4,3,3,4,5,4,4,4,3,3,4
753,mujer,16,lima,colegio7,publico,4,5,4,5,5,4,2,4,5,4,4,4,5,5,5,5,5,4,4,4,5,5,5,2,4,5,5,5,5
754,mujer,16,lima,colegio7,publico,4,4,2,4,4,4,2,4,3,5,3,4,4,4,4,4,3,3,4,4,2,2,5,4,5,4,4,4,4
755,mujer,16,lima,colegio7,publico,4,4,5,5,5,5,4,5,5,5,3,5,3,5,5,4,5,3,5,5,4,2,3,4,5,4,3,2,4
756,mujer,16,lima,colegio7,publico,4,3,4,3,4,5,5,3,5,4,4,5,5,4,4,3,4,4,5,3,4,4,4,3,3,4,4,4,5
757,mujer,16,lima,colegio7,publico,4,4,4,3,5,4,1,4,2,3,4,3,4,4,4,3,4,3,4,3,2,3,3,4,4,3,3,3,3
758,mujer,16,lima,colegio7,publico,4,4,1,4,5,4,4,4,4,3,5,4,5,5,4,4,5,4,5,3,3,3,5,3,3,4,4,4,4
759,mujer,16,lima,colegio7,publico,4,4,5,5,5,5,5,4,3,5,4,5,4,4,4,4,4,3,4,3,3,4,3,4,3,4,3,5,5
760,mujer,16,lima,colegio7,publico,4,3,3,3,4,4,3,4,2,3,3,3,4,4,4,4,4,3,4,3,4,4,4,4,2,3,4,3,4
761,mujer,16,lima,colegio7,publico,4,3,5,4,4,4,5,4,2,5,4,4,4,4,4,4,4,5,4,5,4,4,4,2,2,5,4,4,2
762,mujer,16,lima,colegio7,publico,4,5,2,3,3,4,3,3,1,3,3,3,3,3,3,4,4,4,4,3,5,4,4,4,4,4,4,4,4
763,mujer,16,lima,colegio7,publico,4,4,4,4,5,5,3,4,2,4,3,4,5,5,4,5,5,3,5,2,5,5,4,4,3,3,4,4,3
764,mujer,16,lima,colegio7,publico,4,3,4,4,4,4,2,3,1,4,4,3,4,4,4,3,4,4,4,2,4,4,5,2,2,4,3,2,3
765,mujer,16,lima,colegio7,publico,4,4,2,4,5,5,5,4,2,5,4,3,5,5,4,4,4,2,5,5,3,4,5,4,2,4,5,3,3
766,mujer,16,lima,colegio7,publico,4,4,1,5,4,5,4,4,5,1,3,4,4,4,4,4,4,4,5,1,1,5,5,2,2,5,3,4,1
767,mujer,16,lima,colegio7,publico,4,3,4,3,4,4,5,4,3,4,3,4,4,4,4,4,3,4,5,4,5,4,5,4,4,4,4,4,4
768,mujer,16,lima,colegio7,publico,4,4,4,4,4,4,5,4,5,4,5,5,4,4,4,5,4,5,5,5,4,4,4,4,4,4,5,5,4
769,mujer,16,lima,colegio7,publico,5,4,5,4,4,4,5,4,1,4,4,4,4,4,4,4,4,4,5,4,3,4,5,3,2,4,3,5,3
770,mujer,17,lima,colegio7,publico,2,3,2,3,4,4,1,3,2,3,3,3,4,4,3,4,4,3,4,1,5,5,5,2,3,1,3,2,4
771,mujer,17,lima,colegio7,publico,2,5,1,4,2,4,1,1,1,2,2,2,1,2,4,2,1,2,3,4,1,1,2,2,1,2,1,3,1
772,mujer,17,lima,colegio7,publico,4,4,4,4,4,4,4,3,4,4,3,3,4,4,4,4,4,4,4,4,3,4,4,4,4,3,4,4,4
773,mujer,17,lima,colegio7,publico,5,5,2,5,4,5,2,4,2,3,4,4,4,4,4,4,4,5,5,5,3,3,5,5,5,5,5,5,5
774,mujer,17,lima,colegio7,publico,5,5,5,4,4,4,2,4,5,5,4,4,4,4,4,4,4,4,4,2,4,5,4,4,4,4,5,4,4
775,mujer,18,lima,colegio7,publico,4,4,4,4,4,4,5,4,2,5,5,4,4,4,4,4,4,5,4,5,4,5,4,4,5,4,4,4,4
776,hombre,15,cusco,colegio8,publico,1,1,1,2,1,4,2,4,1,2,1,3,3,3,3,4,2,1,1,4,2,3,5,3,3,4,1,4,3
777,hombre,16,cusco,colegio8,publico,2,4,2,4,5,4,2,4,2,4,2,4,4,4,4,2,2,2,4,1,1,2,1,1,1,4,1,2,2
778,hombre,16,cusco,colegio8,publico,3,4,4,5,5,4,3,4,4,4,4,3,5,4,4,4,4,3,5,4,3,4,4,4,5,4,3,3,3
779,hombre,16,cusco,colegio8,publico,3,3,2,3,3,3,3,4,3,2,1,2,4,2,4,4,4,4,4,4,1,1,3,1,3,4,1,3,2
780,hombre,16,cusco,colegio8,publico,4,4,5,3,5,5,5,4,4,4,4,5,5,5,4,5,5,4,5,4,3,3,5,2,2,3,4,3,3
781,hombre,16,cusco,colegio8,publico,4,5,4,4,4,5,5,4,3,4,4,5,5,4,4,5,4,4,5,3,2,2,5,4,3,4,4,5,3
782,hombre,16,cusco,colegio8,publico,4,4,3,4,3,3,4,3,3,3,3,3,4,4,3,3,4,3,4,3,2,3,3,2,2,3,4,3,3
783,hombre,16,cusco,colegio8,publico,5,4,4,5,4,5,5,4,4,4,4,5,5,5,5,4,4,5,5,3,2,3,1,3,4,3,3,4,2
784,hombre,17,cusco,colegio8,publico,3,4,3,4,4,4,5,4,4,5,5,3,4,4,4,4,3,5,5,4,4,4,4,4,4,5,5,4,5
785,hombre,17,cusco,colegio8,publico,3,4,4,4,5,4,5,5,3,5,5,4,5,4,4,4,4,5,5,4,4,4,4,4,4,4,4,4,5
786,hombre,17,cusco,colegio8,publico,3,4,3,3,4,4,5,5,3,3,4,3,4,4,4,4,4,5,4,5,4,4,3,3,3,4,4,4,4
787,hombre,17,cusco,colegio8,publico,4,5,4,4,4,4,5,4,4,5,5,3,4,4,4,4,3,5,5,4,4,3,5,4,4,4,5,5,5
788,hombre,17,cusco,colegio8,publico,4,4,5,4,4,4,4,5,4,4,5,4,4,4,4,4,5,4,4,5,4,4,4,4,4,5,3,5,4
789,hombre,17,cusco,colegio8,publico,4,4,4,4,4,4,4,4,4,4,4,4,4,4,4,4,4,4,4,4,4,4,4,4,4,4,4,4,4
790,hombre,17,cusco,colegio8,publico,4,4,3,3,4,4,4,5,4,4,5,4,4,4,4,5,5,4,5,4,5,4,5,5,4,5,5,5,5
791,mujer,15,cusco,colegio8,publico,4,4,2,3,5,5,5,3,2,1,5,3,4,4,5,3,3,5,5,5,4,4,4,4,3,5,3,4,2
792,mujer,16,cusco,colegio8,publico,1,1,1,1,1,1,1,1,1,1,3,3,5,5,5,1,1,1,1,1,1,1,2,1,1,2,1,2,1
793,mujer,16,cusco,colegio8,publico,2,2,1,2,2,3,2,3,1,2,1,3,3,4,3,4,5,3,3,2,1,2,5,1,3,2,1,2,3
794,mujer,16,cusco,colegio8,publico,2,2,4,4,4,2,5,4,2,4,4,2,4,4,2,4,4,2,2,5,2,4,4,2,4,4,5,4,2
795,mujer,16,cusco,colegio8,publico,2,4,2,3,5,4,5,5,4,2,3,2,4,3,4,3,2,2,4,4,1,1,1,1,1,2,4,3,1
796,mujer,16,cusco,colegio8,publico,2,2,1,1,2,2,1,1,3,2,3,3,3,2,2,1,5,1,1,1,1,1,1,2,3,2,1,2,1
797,mujer,16,cusco,colegio8,publico,2,2,2,3,4,4,1,4,1,2,1,1,3,4,3,3,2,3,2,2,1,1,1,1,3,3,1,2,1
798,mujer,16,cusco,colegio8,publico,3,3,2,2,3,3,4,3,2,3,2,3,4,4,3,4,3,3,3,2,1,1,1,1,1,3,1,3,1
799,mujer,16,cusco,colegio8,publico,4,5,4,5,4,4,4,5,5,4,4,5,4,4,5,4,4,2,4,4,4,4,4,4,4,2,4,4,5
800,mujer,17,cusco,colegio8,publico,1,4,2,4,4,5,4,2,2,4,3,2,5,4,5,2,3,4,4,4,2,2,4,2,2,3,1,3,3
801,mujer,17,cusco,colegio8,publico,4,3,3,4,5,3,3,3,4,4,4,3,4,4,4,4,3,5,4,3,2,3,4,3,4,4,4,4,4
802,mujer,17,cusco,colegio8,publico,4,2,4,4,4,2,1,2,4,2,2,4,3,4,3,4,4,4,5,4,3,4,2,3,2,5,5,4,3